lon,lat,address,sheng,shi,xian,xiangzhen,cun,goods_made,geocodeAdd
119.205037,26.04716,"jianpingcun, minhou, fuzhou, fujian, china",福建省,福州市,闽侯县,上街镇,建平村,家具,福建省建平村
116.85533,25.113668,"peixiecun, xinluo, longyan, fujian, china",福建省,龙岩市,新罗区,小池镇,培斜村,竹席,福建省培斜村
119.110517,25.498595,"songdongcun, hanjiang, putian, fujian, china",福建省,莆田市,涵江区,梧塘镇,松东村,鞋,福建省松东村
119.06422,25.403913,"qingqiancun, licheng, putian, fujian, china",福建省,莆田市,荔城区,黄石镇,清前村,女装,福建省清前村
NA,NA,NA,福建省,莆田市,荔城区,黄石镇,西洪村,女装,福建省西洪村
119.047125,25.372901,"dongjiaocun, licheng, putian, fujian, china",福建省,莆田市,荔城区,新度镇,东郊村,女装、男装,福建省东郊村
118.770328,25.401631,"baxiacun, xianyou, putian, fujian, china",福建省,莆田市,仙游县,榜头镇,坝下村,木雕,福建省坝下村
118.737149,25.390441,"quanshancun, xianyou, putian, fujian, china",福建省,莆田市,仙游县,榜头镇,泉山村,家具,福建省泉山村
118.759732,25.403079,"zizecun, xianyou, putian, fujian, china",福建省,莆田市,仙游县,榜头镇,紫泽村,木雕,福建省紫泽村
118.891563,25.266264,"hai'ancun, xianyou, putian, fujian, china",福建省,莆田市,仙游县,枫亭镇,海安村,服装,福建省海安村
118.810459,24.905199,"shangtangcun, hui'an, quanzhou, fujian, china",福建省,莆田市,秀屿区,东峤镇,上塘村,饰品,福建省上塘村
117.9249002,26.4836842,"fujian, china",福建省,泉州市,安溪县,尚卿乡,翰卿村,藤铁家具、工艺品,福建省翰卿村
117.957897,25.115213,"hanyuancun, anxi, quanzhou, fujian, china",福建省,泉州市,安溪县,尚卿乡,翰苑村,藤铁家具、工艺品,福建省翰苑村
119.550164,25.709266,"xinloucun, fuqing, fuzhou, fujian, china",福建省,泉州市,安溪县,尚卿乡,新楼村,藤铁家具、工艺品,福建省新楼村
117.984098,25.129115,"zaokengcun, anxi, quanzhou, fujian, china",福建省,泉州市,安溪县,尚卿乡,灶坑村,藤铁家具、工艺品,福建省灶坑村
117.978282,25.116644,"zaomeicun, anxi, quanzhou, fujian, china",福建省,泉州市,安溪县,尚卿乡,灶美村,藤铁家具、工艺品,福建省灶美村
118.259315,25.483893,"baomeicun, dehua, quanzhou, fujian, china",福建省,泉州市,德化县,龙浔镇,宝美村,陶瓷,福建省宝美村
118.247447,25.497369,"xunzhongcun, dehua, quanzhou, fujian, china, 362500",福建省,泉州市,德化县,浔中镇,浔中村,陶瓷,福建省浔中村
117.619097,24.556052,"gaokengcun, xiangcheng, zhangzhou, fujian, china",福建省,泉州市,晋江市,陈埭镇,高坑村,鞋、跑步机,福建省高坑村
118.629268,24.862962,"xianshicun, jinjiang, quanzhou, fujian, china, 362000",福建省,泉州市,晋江市,陈埭镇,仙石村,鞋、包,福建省仙石村
118.518949,24.809867,"zhanglincun, jinjiang, quanzhou, fujian, china",福建省,泉州市,晋江市,磁灶镇,张林村,鞋,福建省张林村
118.449221,24.92097,"wukengcun, nan'an, quanzhou, fujian, china",福建省,泉州市,晋江市,龙湖镇,梧坑村,服饰、鞋,福建省梧坑村
118.603039,24.703944,"dancuocun, jinjiang, quanzhou, fujian, china",福建省,泉州市,晋江市,永和镇,旦厝村,服装,福建省旦厝村
NA,NA,NA,福建省,泉州市,晋江市,永和镇,玉湖村,户外用品、服装,福建省玉湖村
118.490484,24.984245,"suyacun, nan'an, quanzhou, fujian, china",福建省,泉州市,南安市,丰州镇,素雅村,鞋、数码配件,福建省素雅村
118.556435,25.258872,"feiyuncun, nan'an, quanzhou, fujian, china",福建省,泉州市,南安市,乐峰镇,飞云村,运动鞋,福建省飞云村
118.645489,24.735835,"changfucun, shishi, quanzhou, fujian, china, 362700",福建省,泉州市,南安市,霞美镇,长福村,对讲机,福建省长福村
118.465101,24.743711,"qianpucun, jinjiang, quanzhou, fujian, china",福建省,泉州市,石狮市,永宁镇,前埔村,鞋,福建省前埔村
116.933509,23.680972,"shangfushancun, raoping, chaozhou, guangdong, china",广东省,潮州市,饶平县,钱东镇,上浮山村,零食、沙发,广东省上浮山村
113.013905,22.972591,"jilicun, chancheng, foshan, guangdong, china",广东省,佛山市,禅城区,南庄镇,吉利村,笔记本电脑、手机,广东省吉利村
113.05807,22.996657,"rongzhoucun, chancheng, foshan, guangdong, china",广东省,佛山市,禅城区,南庄镇,溶洲村,瓷砖,广东省溶洲村
113.358328,23.0591,"xiaozhoucun, haizhu, guangzhou, guangdong, china",广东省,佛山市,南海区,里水镇,洲村,鞋,广东省洲村
113.109261,22.901603,"dazhacun, shunde, foshan, guangdong, china",广东省,佛山市,顺德区,乐从镇,大闸村,家具,广东省大闸村
113.340963,23.192044,"xiniujiao, baiyun, guangzhou, guangdong, china, 510000",广东省,广州市,白云区,京溪街,犀牛角村,服装,广东省犀牛角村
113.31339,23.324212,"hetingcun, baiyun, guangzhou, guangdong, china",广东省,广州市,白云区,人和镇,鹤亭村,皮具,广东省鹤亭村
113.349345,23.246272,"dayuancun, baiyun, guangzhou, guangdong, china, 510000",广东省,广州市,白云区,太和镇,大源村,服装,广东省大源村
113.380237,23.003264,"nancunzhen, panyu, guangzhou, guangdong, china, 511442",广东省,广州市,白云区,太和镇,南村,女装,广东省南村
113.296717,23.271385,"nanlingcun, baiyun, guangzhou, guangdong, china, 510000",广东省,广州市,白云区,太和镇,南岭村,箱包,广东省南岭村
NA,NA,NA,广东省,NA,NA,NA,NA,NA,广东省NA
113.343121,23.286846,"shihucun, baiyun, guangzhou, guangdong, china",广东省,广州市,白云区,太和镇,石湖村,箱包,广东省石湖村
113.088811,23.444325,"tianxincun, huadu, guangzhou, guangdong, china",广东省,广州市,白云区,太和镇,田心村,隔音材料、女装,广东省田心村
113.317238,23.286627,"baiyun, guangzhou, china",广东省,广州市,白云区,太和镇,夏良村,女装,广东省夏良村
113.330118,23.264805,"yongxingcun, baiyun, guangzhou, guangdong, china, 510000",广东省,广州市,白云区,太和镇,永兴村,数码配件、汽车零配件,广东省永兴村
113.39539,22.983116,"kengtoucun, panyu, guangzhou, guangdong, china, 511450",广东省,广州市,番禺区,南村镇,坑头村,饰品、户外用品,广东省坑头村
113.348446,22.992418,"lirendongcun, panyu, guangzhou, guangdong, china, 511442",广东省,广州市,番禺区,南村镇,里仁洞村,女装,广东省里仁洞村
113.383205,22.984191,"zhangbiancun, panyu, guangzhou, guangdong, china, 511450",广东省,广州市,番禺区,南村镇,樟边村,游艺机、家电,广东省樟边村
113.183061,23.459419,"hechengcun, huadu, guangzhou, guangdong, china",广东省,广州市,花都区,狮岭镇,合成村,箱包,广东省合成村
113.206665,23.471251,"huadu, guangzhou, china",广东省,广州市,花都区,狮岭镇,新扬村,箱包,广东省新扬村
113.189344,23.468598,"yiquncun, huadu, guangzhou, guangdong, china",广东省,广州市,花都区,狮岭镇,益群村,箱包,广东省益群村
NA,NA,NA,广东省,广州市,增城市,新塘镇,白江村,牛仔裤,广东省白江村
114.381772,22.772084,"baishicun, huiyang, huizhou, guangdong, china",广东省,广州市,增城市,新塘镇,白石村,牛仔裤,广东省白石村
115.534178,22.710506,"dongzhoucun, shanwei, guangdong, china",广东省,广州市,增城市,新塘镇,东洲村,牛仔裤,广东省东洲村
113.621715,23.107623,"ganchongcun, zengcheng, guangzhou, guangdong, china",广东省,广州市,增城市,新塘镇,甘涌村,牛仔裤,广东省甘涌村
113.651395,23.123991,"jiuyucun, zengcheng, guangzhou, guangdong, china",广东省,广州市,增城市,新塘镇,久裕村,牛仔裤,广东省久裕村
113.637955,23.114977,"nizicun, zengcheng, guangzhou, guangdong, china",广东省,广州市,增城市,新塘镇,坭紫村,牛仔裤,广东省坭紫村
113.645834,23.157903,"shangshaocun, zengcheng, guangzhou, guangdong, china",广东省,广州市,增城市,新塘镇,上邵村,牛仔裤,广东省上邵村
113.615231,23.111924,"xinhecun, zengcheng, guangzhou, guangdong, china",广东省,广州市,增城市,新塘镇,新何村,牛仔裤,广东省新何村
113.625142,23.136117,"yaotiancun, zengcheng, guangzhou, guangdong, china",广东省,广州市,增城市,新塘镇,瑶田村,牛仔裤,广东省瑶田村
114.124078,22.569836,"2090 wenjin n rd, luohu qu, shenzhen shi, guangdong sheng, china, 518000",广东省,河源市,龙川县,老隆镇,水贝村,鞋,广东省水贝村
114.095244,23.024686,"liwucun, dongguan, guangdong, china",广东省,惠州市,博罗县,园洲镇,李屋村,汽车配件,广东省李屋村
113.922374,23.119418,"liaozaicun, boluo, huizhou, guangdong, china",广东省,惠州市,博罗县,园洲镇,寮仔村,汽车配件,广东省寮仔村
115.998013,24.663262,"sun village, pingyuan, meizhou, guangdong, china",广东省,惠州市,惠东县,白花镇,太阳村,家电配件,广东省太阳村
116.452753,23.266864,"dongxicun, chaonan, shantou, guangdong, china",广东省,江门市,鹤山市,址山镇,东溪村,家具、摩托车配件,广东省东溪村
116.903333,23.773233,"junpucun, raoping, chaozhou, guangdong, china",广东省,揭阳市,揭东区,锡场镇,军埔村,服装、不锈钢制品,广东省军埔村
116.275592,23.243796,"dachanglong, puning, jieyang, guangdong, china",广东省,揭阳市,普宁市,军埠镇,大长陇村,手机,广东省大长陇村
116.289177,23.277482,"shiqiaotoucun, puning, jieyang, guangdong, china",广东省,揭阳市,普宁市,军埠镇,石桥头村,手机,广东省石桥头村
116.201011,23.27666,"mazhacun, puning, jieyang, guangdong, china",广东省,揭阳市,普宁市,流沙南街道,马栅村,女装,广东省马栅村
116.089107,23.3797,"xinancun, puning, jieyang, guangdong, china",广东省,揭阳市,普宁市,梅塘镇,溪南村,鞋,广东省溪南村
116.286887,23.290473,"xiloucun, puning, jieyang, guangdong, china",广东省,揭阳市,普宁市,占陇镇,西楼村,手机,广东省西楼村
113.883918,22.788867,"xiacun, bao'an, shenzhen, guangdong, china, 511700",广东省,揭阳市,普宁市,占陇镇,下村,手机,广东省下村
116.249173,23.701312,"xinliaocun, jiedong, jieyang, guangdong, china",广东省,揭阳市,普宁市,占陇镇,新寮村,手机,广东省新寮村
116.269494,23.285291,"zhanchencun, puning, jieyang, guangdong, china",广东省,揭阳市,普宁市,占陇镇,占陈村,女装,广东省占陈村
116.480567,23.168759,"jianpucun, chaonan, shantou, guangdong, china",广东省,汕头市,潮南区,成田镇,简朴村,数码配件,广东省简朴村
116.473787,23.191793,"xiqicun, chaonan, shantou, guangdong, china",广东省,汕头市,潮南区,成田镇,西岐村,数码配件,广东省西岐村
116.3927,23.205553,"dongbei village, chaonan, shantou, guangdong, china",广东省,汕头市,潮南区,两英镇,东北村,手机、化妆品,广东省东北村
116.522996,23.172168,"zhilancun, chaonan, shantou, guangdong, china",广东省,汕头市,潮南区,陇田镇,芝兰村,手机,广东省芝兰村
NA,NA,NA,广东省,汕头市,潮南区,陇田镇,珠埕村,香水,广东省珠埕村
NA,NA,NA,广东省,汕头市,潮南区,胪岗镇,新庆村,家居服,广东省新庆村
116.364635,23.287946,"hualixicun, chaonan, shantou, guangdong, china",广东省,汕头市,潮南区,司马浦镇,华里西村,化妆品、奶粉,广东省华里西村
116.523989,24.238216,"dakengcun, dabu, meizhou, guangdong, china",广东省,汕头市,潮阳区,谷饶镇,大坑村,电脑配件,广东省大坑村
116.263783,23.244842,"xincuocun, puning, jieyang, guangdong, china",广东省,汕头市,潮阳区,贵屿镇,新厝村,手机,广东省新厝村
116.594858,23.570716,"donglongcun, chao'an, chaozhou, guangdong, china",广东省,汕头市,潮阳区,河溪镇,东陇村,手机,广东省东陇村
NA,NA,NA,广东省,汕尾市,陆丰市,碣石镇,桂林村,摩托车,广东省桂林村
114.87983,39.95597,"bailewucun, yuxian, zhangjiakou, hebei, china",河北省,保定市,-,白沟新城,白五村,箱包,河北省白五村
116.032941,39.126574,"laiyuancun, gaobeidian, baoding, hebei, china",河北省,保定市,-,白沟新城,来远村,箱包,河北省来远村
NA,NA,NA,河北省,保定市,-,白沟新城,王庄村,箱包,河北省王庄村
116.535571,39.585272,"sanxiaoyingcun, guangyang, langfang, hebei, china",河北省,保定市,-,白沟新城,小营村,箱包,河北省小营村
118.130834,39.632008,"xishan rd, lubei qu, tangshan shi, hebei sheng, china, 063000",河北省,保定市,-,白沟新城,许庄村,箱包,河北省许庄村
NA,NA,NA,河北省,保定市,蠡县,辛兴镇,南沙口村,毛线,河北省南沙口村
NA,NA,NA,河北省,保定市,清苑县,东吕乡,东吕村,起重工具,河北省东吕村
NA,NA,NA,河北省,保定市,曲阳县,羊平镇,南村,石雕,河北省南村
114.496785,36.808253,"hebeipucun, yongnian, handan, hebei, china",河北省,邯郸市,永年县,临洺关镇,河北铺村,化妆品,河北省河北铺村
115.14612,38.141868,"gengzhuangcun, shenze, shijiazhuang, hebei, china",河北省,石家庄市,深泽县,桥头乡,耿庄村,清洁剂,河北省耿庄村
114.547489,38.198739,"beijiacun, zhengding, shijiazhuang, hebei, china",河北省,石家庄市,正定县,正定镇,北贾村,家具,河北省北贾村
115.538598,37.150785,"suolu river, weixian, xingtai, china",河北省,邢台市,南宫市,垂杨镇,后索泸村,皮草,河北省后索泸村
115.61412,37.21082699999999,"songjiadushuicun, nangong, xingtai, hebei, china",河北省,邢台市,南宫市,垂杨镇,宋都水村,汽车用品,河北省宋都水村
115.679699,37.179232,"duanlutousicun, nangong, xingtai, hebei, china",河北省,邢台市,南宫市,段芦头镇,段四村,汽车用品,河北省段四村
114.580076,39.820495,"nanzhangzhuangcun, yuxian, zhangjiakou, hebei, china",河北省,邢台市,南宫市,段芦头镇,南张庄村,毛线,河北省南张庄村
115.094449,37.058819,"huohongcun, pingxiang, xingtai, hebei, china",河北省,邢台市,平乡县,丰州镇,霍洪村,童车,河北省霍洪村
115.008445,37.005217,"aicun, pingxiang, xingtai, hebei, china",河北省,邢台市,平乡县,田付村乡,艾村,童车,河北省艾村
115.69825,37.098617,"huangjinzhuangcun, qinghe, xingtai, hebei, china",河北省,邢台市,清河县,葛仙庄镇,黄金庄村,毛衣,河北省黄金庄村
115.680196,37.129773,"langlvpocun, qinghe, xingtai, hebei, china",河北省,邢台市,清河县,葛仙庄镇,郎吕坡村,毛线,河北省郎吕坡村
115.688631,37.109796,"xigaozhuangcun, qinghe, xingtai, hebei, china",河北省,邢台市,清河县,葛仙庄镇,西高庄村,毛线、毛衣,河北省西高庄村
115.716682,37.11487899999999,"xu'erzhuangcun, qinghe, xingtai, hebei, china",河北省,邢台市,清河县,葛仙庄镇,许二庄村,毛衣,河北省许二庄村
115.727042,37.084418,"yang'erzhuangcun, qinghe, xingtai, hebei, china",河北省,邢台市,清河县,葛仙庄镇,杨二庄村,毛衣,河北省杨二庄村
116.879445,38.478965,"zhang'erzhuang bridge, lidu line, qingxian, cangzhou shi, hebei sheng, china",河北省,邢台市,清河县,葛仙庄镇,张二庄村,毛线,河北省张二庄村
115.74192,37.112648,"xizhanggucun, qinghe, xingtai, hebei, china",河北省,邢台市,清河县,连庄镇,西张古村,毛衣,河北省西张古村
115.700078,37.112362,"donggaozhuangcun, qinghe, xingtai, hebei, china",河北省,邢台市,清河县,杨二庄镇,东高庄村,毛线、毛衣,河北省东高庄村
112.870275,34.907011,"sangpocun, mengzhou, jiaozuo, henan, china",河南省,焦作市,孟州市,南庄镇,桑坡村,家电、鞋,河南省桑坡村
110.310355,32.887597,"xiayingcun, yunxi, shiyan, hubei, china",湖北省,十堰市,郧西县,涧池乡,下营村,绿松石,湖北省下营村
119.70673,31.233659,"shengzhuangcun, yixing, wuxi, jiangsu, china",江苏省,常州市,武进区,横山桥镇,省庄村,毛线、营养食品,江苏省省庄村
120.424331,31.237621,"xicaicun, wuzhong, suzhou, jiangsu, china",江苏省,连云港市,东海县,牛山镇,西蔡村,饰品,江苏省西蔡村
NA,NA,NA,江苏省,南通市,通州区,川姜镇,三合口村,床上用品,江苏省三合口村
121.066311,31.990323,"yichengcun, tongzhou, nantong, jiangsu, china",江苏省,南通市,通州区,川姜镇,义成村,床上用品,江苏省义成村
119.7889248,33.1401715,"jiangsu, china",江苏省,南通市,通州区,川姜镇,志南村,床上用品,江苏省志南村
117.259684,34.177115,"tangfangcun, yunlong, xuzhou, jiangsu, china, 221100",江苏省,南通市,通州区,张芝山镇,塘坊村,床上用品,江苏省塘坊村
120.690938,31.620997,"yanxiangcun, changshu, suzhou, jiangsu, china",江苏省,苏州市,常熟市,尚湖镇,颜巷村,服装,江苏省颜巷村
120.924092,31.23402,"dashicun, kunshan, suzhou, jiangsu, china",江苏省,苏州市,昆山市,张浦镇,大市村,袜子、服饰配件,江苏省大市村
121.031659,31.55598,"taixicun, taicang, suzhou, jiangsu, china",江苏省,苏州市,太仓市,沙溪镇,泰西村,鞋,江苏省泰西村
120.636026,31.490959,"zhuangjicun, xiangcheng, suzhou, jiangsu, china",江苏省,苏州市,相城区,北桥街道,庄基村,奶粉、家具,江苏省庄基村
116.738831,34.617718000000004,"zhangzhuangcun, fengxian, xuzhou, jiangsu, china",江苏省,苏州市,相城区,黄桥街道,张庄村,家具,江苏省张庄村
120.799156,31.512855,"xiaojingcun, xiangcheng, suzhou, jiangsu, china",江苏省,苏州市,相城区,阳澄湖镇,消泾村,大闸蟹,江苏省消泾村
120.343774,31.753317,"huangtangcun, jiangyin, wuxi, jiangsu, china",江苏省,无锡市,江阴市,徐霞客镇,璜塘村,防辐射服装,江苏省璜塘村
120.372837,31.81369,"changshoucun, jiangyin, wuxi, jiangsu, china",江苏省,无锡市,江阴市,周庄镇,长寿村,箱包,江苏省长寿村
118.643248,34.195265,"jieqiaocun, shuyang, suqian, jiangsu, china",江苏省,宿迁市,沭阳县,新河镇,解桥村,糕点,江苏省解桥村
118.663738,34.164129,"zhouquancun, shuyang, suqian, jiangsu, china",江苏省,宿迁市,沭阳县,新河镇,周圈村,花卉,江苏省周圈村
118.647992,34.162677,"yanxiacun, shuyang, suqian, jiangsu, china",江苏省,宿迁市,沭阳县,颜集镇,堰下村,花卉,江苏省堰下村
120.881067,31.361295,"dazhongcun, kunshan, suzhou, jiangsu, china, 215121",江苏省,宿迁市,宿城区,耿车镇,大众村,家具,江苏省大众村
118.093844,33.87946,"dingchencun, suining, xuzhou, jiangsu, china",江苏省,徐州市,睢宁县,沙集镇,丁陈村,家具,江苏省丁陈村
118.152035,33.890225,"suining, xuzhou, jiangsu, china",江苏省,徐州市,睢宁县,沙集镇,东风村,家具,江苏省东风村
118.344746,33.718269,"xiaweicun, sucheng, suqian, jiangsu, china",江苏省,徐州市,睢宁县,沙集镇,夏圩村,家具,江苏省夏圩村
118.133259,33.921262,"xingguocun, suining, xuzhou, jiangsu, china",江苏省,徐州市,睢宁县,沙集镇,兴国村,家具,江苏省兴国村
118.1649,33.85442,"zhumiaocun, suining, xuzhou, jiangsu, china",江苏省,徐州市,睢宁县,沙集镇,朱庙村,家具,江苏省朱庙村
118.309706,34.377078,"xinduancun, xinyi, xuzhou, jiangsu, china, 221400",江苏省,徐州市,新沂市,墨河街道,新段村,皮革,江苏省新段村
NA,NA,NA,江苏省,扬州市,邗江区,西湖镇,金槐村,毛绒玩具,江苏省金槐村
NA,NA,NA,山东省,滨州市,博兴县,博兴镇,顾家村,手织粗布,山东省顾家村
118.143994,37.072274,"anchaicun, boxing, binzhou, shandong, china",山东省,滨州市,博兴县,锦秋街道,安柴村,草柳编制品,山东省安柴村
118.117504,37.10653,"mengqiaocun, boxing, binzhou, shandong, china",山东省,滨州市,博兴县,锦秋街道,孟桥村,草柳编制品,山东省孟桥村
119.879341,36.63828,"nanchenjiacun, pingdu, qingdao, shandong, china",山东省,滨州市,博兴县,锦秋街道,南陈家村,草柳编制品,山东省南陈家村
120.085579,36.852828,"wantoucun, pingdu, qingdao, shandong, china",山东省,滨州市,博兴县,锦秋街道,湾头村,草编产品,山东省湾头村
120.744051,36.831366,"yuanzhuangcun, laiyang, yantai, shandong, china",山东省,滨州市,博兴县,锦秋街道,院庄村,草柳编制品,山东省院庄村
NA,NA,NA,山东省,菏泽市,曹县,安才楼镇,火神台村,数码配件,山东省火神台村
116.245326,35.742783,"dingloucun, liangshan, jining, shandong, china",山东省,菏泽市,曹县,大集乡,丁楼村,演出服饰,山东省丁楼村
115.643432,34.697817,"fuhaicun, caoxian, heze, shandong, china",山东省,菏泽市,曹县,大集乡,付海村,数码配件、演出服饰,山东省付海村
117.440895,36.782477,"libazhuangcun, zhangqiu, jinan, shandong, china",山东省,菏泽市,曹县,大集乡,李八庄村,数码配件、演出服饰,山东省李八庄村
116.372543,35.735931,"liuloucun, wenshang, jining, shandong, china",山东省,菏泽市,曹县,大集乡,刘楼村,演出服饰,山东省刘楼村
116.085425,35.372073,"sunzhuangcun, juye, heze, shandong, china, 274900",山东省,菏泽市,曹县,大集乡,孙庄村,演出服饰,山东省孙庄村
116.863336,35.587389,"zhangzhuangcun, qufu, jining, shandong, china",山东省,菏泽市,曹县,大集乡,张庄村,演出服饰,山东省张庄村
103.994972,30.757716,"linwancun, pixian, chengdu, sichuan, china",四川省,成都市,郫县,安靖镇,林湾村,仓储货架,四川省林湾村
104.032046,30.755492,"tudicun, pixian, chengdu, sichuan, china, 611731",四川省,成都市,郫县,安靖镇,土地村,女装,四川省土地村
116.941855,39.243861,"yijiecun, wuqing, tianjin, china",天津市,市辖区,武清区,王庆坨镇,一街村,自行车及零配件,天津市一街村
119.171442,30.181076,"bainiucun, lin'an, hangzhou, zhejiang, china",浙江省,杭州市,临安市,昌化镇,白牛村,坚果炒货,浙江省白牛村
118.957226,30.161973,"maxiaocun, lin'an, hangzhou, zhejiang, china, 311323",浙江省,杭州市,临安市,清凉峰镇,马啸村,山核桃,浙江省马啸村
118.4880949,28.8824626,"xindu e ave, changshan xian, quzhou shi, zhejiang sheng, china",浙江省,杭州市,临安市,清凉峰镇,新都村,坚果炒货,浙江省新都村
119.003865,30.146281,"yupingcun, lin'an, hangzhou, zhejiang, china, 311323",浙江省,杭州市,临安市,清凉峰镇,玉屏村,坚果炒货,浙江省玉屏村
119.614311,29.84259,"hengcunzhen, tonglu, hangzhou, zhejiang, china",浙江省,杭州市,桐庐县,横村镇,横村,健身器材,浙江省横村
120.238283,30.861968,"dahecun, wuxing, huzhou, zhejiang, china",浙江省,湖州市,吴兴区,织里镇,大河村,童装,浙江省大河村
121.593398,29.803699,"hexicun, yinzhou, ningbo, zhejiang, china, 315000",浙江省,湖州市,吴兴区,织里镇,河西村,童装,浙江省河西村
120.248505,30.854955,"qinjiagangcun, wuxing, huzhou, zhejiang, china",浙江省,湖州市,吴兴区,织里镇,秦家港村,童装,浙江省秦家港村
121.297955,28.228257,"sanliancun, yuhuan, taizhou, zhejiang, china",浙江省,嘉兴市,海宁市,斜桥镇,三联村,皮草,浙江省三联村
120.800473,27.87736,"china, zhejiang, wenzhou, longwan, 永强大道",浙江省,嘉兴市,海宁市,许村镇,永福村,窗帘、沙发配饰,浙江省永福村
120.548314,30.467492,"guodiancun, haining, jiaxing, zhejiang, china",浙江省,嘉兴市,海宁市,盐官镇,郭店村,皮草,浙江省郭店村
120.445085,30.431777,"laozhuangcun, haining, jiaxing, zhejiang, china",浙江省,嘉兴市,海宁市,长安镇,老庄村,皮草,浙江省老庄村
120.426337,30.393734,"yancangcun, haining, jiaxing, zhejiang, china",浙江省,嘉兴市,海宁市,长安镇,盐仓村,皮衣,浙江省盐仓村
NA,NA,NA,浙江省,嘉兴市,海盐县,百步镇,横港村,卫浴用品,浙江省横港村
119.643206,28.558417,"sangangcun, wuyi, jinhua, zhejiang, china",浙江省,嘉兴市,平湖市,当湖街道,三港村,羽绒服,浙江省三港村
121.080973,30.752896,"qiangangcun, pinghu, jiaxing, zhejiang, china",浙江省,嘉兴市,平湖市,广陈镇,前港村,羽绒服,浙江省前港村
120.333723,30.159551,"chengjiaocun, xiaoshan, hangzhou, zhejiang, china, 311203",浙江省,嘉兴市,桐乡市,崇福镇,城郊村,皮草,浙江省城郊村
120.30642,30.415739,"linping, dong'ancun, yuhang, hangzhou, zhejiang, china, 311100",浙江省,嘉兴市,桐乡市,崇福镇,东安村,皮草,浙江省东安村
120.424766,30.584646,"gaoyangcun, tongxiang, jiaxing, zhejiang, china, 314512",浙江省,嘉兴市,桐乡市,石门镇,羔羊村,鞋,浙江省羔羊村
120.392812,30.57859,"qingshicun, tongxiang, jiaxing, zhejiang, china",浙江省,嘉兴市,桐乡市,洲泉镇,青石村,蚕丝被,浙江省青石村
120.32652,30.545445,"yimacun, tongxiang, jiaxing, zhejiang, china",浙江省,嘉兴市,桐乡市,洲泉镇,义马村,蚕丝被,浙江省义马村
120.253611,29.063471,"fangjuncun, dongyang, jinhua, zhejiang, china",浙江省,金华市,东阳市,南马镇,防军村,木雕,浙江省防军村
119.935088,28.857352,"louwangcun, wuyi, jinhua, zhejiang, china",浙江省,金华市,武义县,桐琴镇,楼王村,五金工具,浙江省楼王村
121.384037,28.461056,"louxiazhangcun, wenling, taizhou, zhejiang, china",浙江省,金华市,义乌市,稠江街道,楼下张村,零食,浙江省楼下张村
NA,NA,NA,浙江省,金华市,义乌市,稠江街道,新屋村,居家用品,浙江省新屋村
120.143043,29.304879,"hou'ercun, yiwu, jinhua, zhejiang, china",浙江省,金华市,义乌市,江东街道,候儿村,日用品、玩具,浙江省候儿村
120.088263,29.284127,"qingyanliucun, yiwu, jinhua, zhejiang, china, 322000",浙江省,金华市,义乌市,江东街道,青岩刘村,袜子、女装,浙江省青岩刘村
NA,NA,NA,浙江省,金华市,义乌市,江东街道,西谷村,家具、户外用品,浙江省西谷村
120.515252,27.513449,"xiawancun, cangnan, wenzhou, zhejiang, china",浙江省,金华市,义乌市,江东街道,下湾村,户外用品、饰品,浙江省下湾村
NA,NA,NA,浙江省,金华市,永康市,江南街道,下楼村,生活电器、家具,浙江省下楼村
120.089606,28.8555,"xialixicun, yongkang, jinhua, zhejiang, china",浙江省,金华市,永康市,石柱镇,下里溪村,生活电器,浙江省下里溪村
NA,NA,NA,浙江省,金华市,永康市,象珠镇,派溪吕村,家具,浙江省派溪吕村
120.029328,28.070652,"beishancun, qingtian, lishui, zhejiang, china",浙江省,丽水市,缙云县,壶镇,北山村,户外用品,浙江省北山村
NA,NA,NA,浙江省,丽水市,龙泉市,剑池街道,南秦村,青瓷、宝剑,浙江省南秦村
NA,NA,NA,浙江省,丽水市,龙泉市,龙渊街道,村头村,内衣、刀剑、青瓷,浙江省村头村
120.044973,27.651727,"xishancun, wencheng, wenzhou, zhejiang, china",浙江省,丽水市,松阳县,大东坝镇,西山村,家具,浙江省西山村
NA,NA,NA,浙江省,丽水市,松阳县,古市镇,筏铺村,服饰、茶叶,浙江省筏铺村
121.478156,29.887043,"xiufengcun, yinzhou, ningbo, zhejiang, china, 315000",浙江省,宁波市,鄞州区,高桥镇,秀丰村,贺卡、明信片,浙江省秀丰村
121.478981,29.73483,"maoshancun, yinzhou, ningbo, zhejiang, china, 315504",浙江省,宁波市,鄞州区,姜山镇,茅山村,地毯,浙江省茅山村
120.21326,29.672805,"qiucun, zhuji, shaoxing, zhejiang, china",浙江省,绍兴市,诸暨市,暨阳街道,邱村,袜子,浙江省邱村
NA,NA,NA,浙江省,台州市,黄岩区,新前街道,前洋村,家具,浙江省前洋村
121.524273,29.579552,"dongxiecun, fenghua, ningbo, zhejiang, china",浙江省,台州市,三门县,高枧乡,东谢村,道路减速带,浙江省东谢村
121.896116,29.409699,"dongchencun, xiangshan, ningbo, zhejiang, china",浙江省,台州市,天台县,坦头镇,东陈村,汽车用品,浙江省东陈村
121.123102,29.106284,"hu'ancun, tiantai, taizhou, zhejiang, china, 317206",浙江省,台州市,天台县,坦头镇,湖岸村,汽车用品,浙江省湖岸村
121.135656,29.102949,"wubaicun, tiantai, taizhou, zhejiang, china",浙江省,台州市,天台县,坦头镇,五百村,汽车用品,浙江省五百村
120.592907,28.730674,"yushancun, xianju, taizhou, zhejiang, china",浙江省,台州市,天台县,坦头镇,鱼山村,汽车用品,浙江省鱼山村
121.3082,28.455289,"panlangcun, wenling, taizhou, zhejiang, china",浙江省,台州市,温岭市,大溪镇,潘郎村,鞋,浙江省潘郎村
120.593519,28.032668,"qianchencun, lucheng, wenzhou, zhejiang, china",浙江省,台州市,温岭市,横峰街道,前陈村,鞋,浙江省前陈村
121.388853,28.463737,"jiayucun, wenling, taizhou, zhejiang, china",浙江省,台州市,温岭市,泽国镇,夹屿村,热水器、鞋,浙江省夹屿村
NA,NA,NA,浙江省,台州市,温岭市,泽国镇,牧屿村,鞋,浙江省牧屿村
120.121506,30.233303,"shuangfengcun, xihu, hangzhou, zhejiang, china",浙江省,台州市,温岭市,泽国镇,双峰村,鞋,浙江省双峰村
121.500507,28.447885,"zhangdacun, wenling, taizhou, zhejiang, china",浙江省,台州市,温岭市,泽国镇,长大村,鞋,浙江省长大村
NA,NA,NA,浙江省,台州市,仙居县,下各镇,黄梁陈村,家居饰品,浙江省黄梁陈村
NA,NA,NA,浙江省,温州市,瓯海区,潘桥街道,陈庄村,鞋,浙江省陈庄村
120.659976,27.855057,"shen'aocun, ouhai, wenzhou, zhejiang, china",浙江省,温州市,瓯海区,仙岩街道,沈岙村,女装,浙江省沈岙村
120.686036,28.063953,"qianshicun, yongjia, wenzhou, zhejiang, china",浙江省,温州市,永嘉县,黄田街道,千石村,鞋,浙江省千石村
NA,NA,NA,浙江省,温州市,永嘉县,江北街道,珠岙村,童装,浙江省珠岙村
120.567081,28.149468,"fang'aocun, yongjia, wenzhou, zhejiang, china",浙江省,温州市,永嘉县,桥下镇,方岙村,教玩具,浙江省方岙村
NA,NA,NA,浙江省,温州市,永嘉县,桥下镇,梅岙村,教玩具,浙江省梅岙村
120.527403,29.279612,"shangcunxiang, dongyang, jinhua, zhejiang, china",浙江省,温州市,永嘉县,桥下镇,上村,演出服饰、教玩具,浙江省上村
121.81335,29.860742,"xi'aocun, beilun, ningbo, zhejiang, china",浙江省,温州市,永嘉县,桥下镇,西岙村,教玩具,浙江省西岙村
120.600217,27.97783,"xiaxiecun, ouhai, wenzhou, zhejiang, china",浙江省,温州市,永嘉县,桥下镇,下斜村,教玩具,浙江省下斜村
