sheng,shi,xian,xiangzhen,cun,geocodeAdd,lon,lat
安徽省,宣城市,泾县,丁家桥镇,李元村,安徽省李元村,116.5268124,33.1250966
北京市,北京市,房山区,长阳镇,阎仙垡村,北京市阎仙垡村,116.229986,39.728106
福建省,福州市,晋安区,新店镇,西园村,福建省西园村,117.722032,26.085024
福建省,福州市,连江县,潘渡乡,贵安村,福建省贵安村,119.409678,26.220272
福建省,福州市,闽侯县,荆溪镇,关口村,福建省关口村,119.181593,26.137491
福建省,福州市,闽侯县,上街镇,建平村,福建省建平村,119.205037,26.04716
福建省,福州市,闽侯县,上街镇,浦口村,福建省浦口村,119.209977,26.063854
福建省,龙岩市,新罗区,小池镇,培斜村,福建省培斜村,116.85533,25.113668
福建省,莆田市,城厢区,霞林街道,坂头村,福建省坂头村,119.405109,25.629765
福建省,莆田市,城厢区,霞林街道,下黄村,福建省下黄村,119.022591,25.418596
福建省,莆田市,涵江区,国欢镇,都邠村,福建省都邠村,119.08913,25.472271
福建省,莆田市,涵江区,梧塘镇,枫林村,福建省枫林村,118.62608,24.6622
福建省,莆田市,涵江区,梧塘镇,松东村,福建省松东村,119.110517,25.498595
福建省,莆田市,荔城区,黄石镇,凤山村,福建省凤山村,118.129757,25.484137
福建省,莆田市,荔城区,黄石镇,和平村,福建省和平村,119.694677,25.597258
福建省,莆田市,荔城区,黄石镇,横塘村,福建省横塘村,119.055018,25.363407
福建省,莆田市,荔城区,黄石镇,江东村,福建省江东村,119.094296,25.410326
福建省,莆田市,荔城区,黄石镇,七境村,福建省七境村,119.069969,25.365355
福建省,莆田市,荔城区,黄石镇,清前村,福建省清前村,119.06422,25.403913
福建省,莆田市,荔城区,黄石镇,沙坂村,福建省沙坂村,119.442224,26.613891
福建省,莆田市,荔城区,黄石镇,水南村,福建省水南村,119.085117,25.379314
福建省,莆田市,荔城区,黄石镇,西洪村,福建省西洪村,119.068769,25.41435
福建省,莆田市,荔城区,黄石镇,下江头村,福建省下江头村,119.081062,25.423917
福建省,莆田市,荔城区,黄石镇,瑶台村,福建省瑶台村,119.082982,25.358727
福建省,莆田市,荔城区,西天尾镇,北大村,福建省北大村,119.043825,25.465545
福建省,莆田市,荔城区,西天尾镇,龙山村,福建省龙山村,118.118393,24.944602
福建省,莆田市,荔城区,新度镇,白埕村,福建省白埕村,117.421044,23.659668
福建省,莆田市,荔城区,新度镇,厝柄村,福建省厝柄村,119.05196,25.3905937
福建省,莆田市,荔城区,新度镇,锦墩村,福建省锦墩村,119.028688,25.390718
福建省,莆田市,荔城区,新度镇,蒲坂村,福建省蒲坂村,119.047203,25.386875
福建省,莆田市,荔城区,新度镇,新度村,福建省新度村,119.044369,25.396853
福建省,莆田市,仙游县,榜头镇,坝下村,福建省坝下村,118.770328,25.401631
福建省,莆田市,仙游县,榜头镇,南溪村,福建省南溪村,119.271199,27.355604
福建省,莆田市,仙游县,榜头镇,紫泽村,福建省紫泽村,118.759732,25.403079
福建省,莆田市,仙游县,枫亭镇,麟山村,福建省麟山村,118.868525,25.261943
福建省,莆田市,秀屿区,东峤镇,上塘村,福建省上塘村,118.810459,24.905199
福建省,泉州市,安溪县,城厢镇,光德村,福建省光德村,118.154044,25.063765
福建省,泉州市,安溪县,城厢镇,同美村,福建省同美村,118.160304,25.052106
福建省,泉州市,安溪县,城厢镇,仙苑村,福建省仙苑村,118.161195,25.071227
福建省,泉州市,安溪县,城厢镇,砖文村,福建省砖文村,118.194257,25.052402
福建省,泉州市,安溪县,尚卿乡,福林村,福建省福林村,118.543655,25.042
福建省,泉州市,安溪县,尚卿乡,翰卿村,福建省翰卿村,117.9249002,26.4836842
福建省,泉州市,安溪县,尚卿乡,翰苑村,福建省翰苑村,117.957897,25.115213
福建省,泉州市,安溪县,尚卿乡,新楼村,福建省新楼村,119.550164,25.709266
福建省,泉州市,安溪县,尚卿乡,尤俊村,福建省尤俊村,117.936578,25.087435
福建省,泉州市,安溪县,尚卿乡,灶坑村,福建省灶坑村,117.984098,25.129115
福建省,泉州市,安溪县,尚卿乡,灶美村,福建省灶美村,117.978282,25.116644
福建省,泉州市,德化县,龙浔镇,宝美村,福建省宝美村,118.259315,25.483893
福建省,泉州市,德化县,龙浔镇,丁墘村,福建省丁墘村,118.228314,25.478577
福建省,泉州市,德化县,龙浔镇,丁溪村,福建省丁溪村,118.235559,25.492784
福建省,泉州市,德化县,三班镇,蔡径村,福建省蔡径村,118.266037,25.449477
福建省,泉州市,德化县,三班镇,东山洋村,福建省东山洋村,118.305887,25.446186
福建省,泉州市,德化县,三班镇,三班村,福建省三班村,118.292932,25.448937
福建省,泉州市,德化县,三班镇,泗滨村,福建省泗滨村,118.299575,25.448613
福建省,泉州市,德化县,浔中镇,后所村,福建省后所村,118.272298,25.496254
福建省,泉州市,德化县,浔中镇,乐陶村,福建省乐陶村,118.271028,25.49157
福建省,泉州市,德化县,浔中镇,世科村,福建省世科村,118.233649,25.494964
福建省,泉州市,德化县,浔中镇,浔中村,福建省浔中村,118.247447,25.497369
福建省,泉州市,惠安县,黄塘镇,省吟村,福建省省吟村,118.702543,25.005429
福建省,泉州市,晋江市,陈埭镇,庵上村,福建省庵上村,118.612948,24.851008
福建省,泉州市,晋江市,陈埭镇,岸兜村,福建省岸兜村,119.399893,25.546199
福建省,泉州市,晋江市,陈埭镇,坊脚村,福建省坊脚村,118.606851,24.812415
福建省,泉州市,晋江市,陈埭镇,高坑村,福建省高坑村,117.619097,24.556052
福建省,泉州市,晋江市,陈埭镇,宫口村,福建省宫口村,118.608715,24.802215
福建省,泉州市,晋江市,陈埭镇,桂林村,福建省桂林村,NA,NA
福建省,泉州市,晋江市,陈埭镇,海尾村,福建省海尾村,118.617049,24.863396
福建省,泉州市,晋江市,陈埭镇,涵埭村,福建省涵埭村,118.610011,24.841181
福建省,泉州市,晋江市,陈埭镇,涵口村,福建省涵口村,118.600457,24.834845
福建省,泉州市,晋江市,陈埭镇,横板村,福建省横板村,118.60278,24.843546
福建省,泉州市,晋江市,陈埭镇,湖中村,福建省湖中村,118.594585,24.8191
福建省,泉州市,晋江市,陈埭镇,花厅口村,福建省花厅口村,118.606189,24.817513
福建省,泉州市,晋江市,陈埭镇,江头村,福建省江头村,118.619566,24.81408
福建省,泉州市,晋江市,陈埭镇,鹏头村,福建省鹏头村,118.609826,24.821729
福建省,泉州市,晋江市,陈埭镇,苏厝村,福建省苏厝村,118.591299,24.834258
福建省,泉州市,晋江市,陈埭镇,溪边村,福建省溪边村,118.614158,24.832176
福建省,泉州市,晋江市,陈埭镇,仙石村,福建省仙石村,118.629268,24.862962
福建省,泉州市,晋江市,陈埭镇,洋埭村,福建省洋埭村,118.608422,24.849169
福建省,泉州市,晋江市,磁灶镇,张林村,福建省张林村,118.518949,24.809867
福建省,泉州市,晋江市,龙湖镇,埔锦村,福建省埔锦村,118.620468,24.70879
福建省,泉州市,晋江市,龙湖镇,石龟村,福建省石龟村,118.637367,24.691764
福建省,泉州市,晋江市,龙湖镇,梧坑村,福建省梧坑村,118.449221,24.92097
福建省,泉州市,晋江市,龙湖镇,新丰村,福建省新丰村,118.809742,25.985647
福建省,泉州市,晋江市,龙湖镇,秀山村,福建省秀山村,118.641525,24.711128
福建省,泉州市,晋江市,永和镇,坂头村,福建省坂头村,119.405109,25.629765
福建省,泉州市,晋江市,永和镇,旦厝村,福建省旦厝村,118.603039,24.703944
福建省,泉州市,晋江市,永和镇,东茂村,福建省东茂村,118.595219,24.708213
福建省,泉州市,晋江市,永和镇,割山村,福建省割山村,118.947597,25.153211
福建省,泉州市,晋江市,永和镇,后埔村,福建省后埔村,118.588084,24.711951
福建省,泉州市,晋江市,永和镇,马坪村,福建省马坪村,118.560423,24.685682
福建省,泉州市,晋江市,永和镇,玉湖村,福建省玉湖村,118.467815,25.007778
福建省,泉州市,晋江市,永和镇,玉溪村,福建省玉溪村,118.328368,25.932991
福建省,泉州市,南安市,康美镇,福铁村,福建省福铁村,NA,NA
福建省,泉州市,南安市,乐峰镇,飞云村,福建省飞云村,118.556435,25.258872
福建省,泉州市,南安市,乐峰镇,炉山村,福建省炉山村,118.556978,25.208156
福建省,泉州市,南安市,美林街道,松岭村,福建省松岭村,117.77991,24.354346
福建省,泉州市,南安市,霞美镇,邱钟村,福建省邱钟村,118.462285,24.912799
福建省,泉州市,南安市,霞美镇,山美村,福建省山美村,118.077459,24.983133
福建省,泉州市,南安市,霞美镇,长福村,福建省长福村,118.494861,24.942917
福建省,泉州市,石狮市,鸿山镇,伍堡村,福建省伍堡村,118.755725,24.737838
福建省,泉州市,石狮市,永宁镇,前埔村,福建省前埔村,118.465101,24.743711
福建省,泉州市,台商投资区,东园镇,后港村,福建省后港村,117.281554,23.760139
福建省,泉州市,台商投资区,东园镇,琅山村,福建省琅山村,118.731743,24.85552
福建省,泉州市,台商投资区,东园镇,秀土村,福建省秀土村,117.9249002,26.4836842
福建省,泉州市,台商投资区,洛阳镇,屿头村,福建省屿头村,119.728368,26.354522
福建省,泉州市,台商投资区,张坂镇,黄岭村,福建省黄岭村,117.977872,25.181241
福建省,厦门市,海沧区,海沧街道,石塘村,福建省石塘村,118.045205,24.496129
福建省,厦门市,翔安区,马巷镇,赵岗村,福建省赵岗村,118.271662,24.675883
福建省,漳州市,龙海市,九湖镇,百花村,福建省百花村,117.791405,24.423161
福建省,漳州市,芗城区,石亭镇,北斗村,福建省北斗村,117.630389,24.547978
广东省,潮州市,饶平县,钱东镇,上浮山村,广东省上浮山村,116.933509,23.680972
广东省,潮州市,饶平县,钱东镇,紫云村,广东省紫云村,116.923175,23.675925
广东省,佛山市,禅城区,南庄镇,吉利村,广东省吉利村,113.013905,22.972591
广东省,佛山市,禅城区,南庄镇,溶洲村,广东省溶洲村,113.05807,22.996657
广东省,佛山市,南海区,丹灶镇,东联村,广东省东联村,113.936726,23.902027
广东省,佛山市,南海区,九江镇,沙头村,广东省沙头村,113.84499,23.168404
广东省,佛山市,南海区,九江镇,石江村,广东省石江村,113.008178,22.903591
广东省,佛山市,南海区,九江镇,镇南村,广东省镇南村,112.924429,22.87557
广东省,佛山市,南海区,里水镇,白塔村,广东省白塔村,116.599309,23.632981
广东省,佛山市,南海区,里水镇,北沙村,广东省北沙村,113.133714,23.182518
广东省,佛山市,南海区,里水镇,布新村,广东省布新村,113.105296,23.212402
广东省,佛山市,南海区,里水镇,得胜村,广东省得胜村,113.130607,23.201355
广东省,佛山市,南海区,里水镇,岗联村,广东省岗联村,113.190512,23.182242
广东省,佛山市,南海区,里水镇,河村,广东省河村,113.33553,23.012379
广东省,佛山市,南海区,里水镇,宏岗村,广东省宏岗村,113.145193,23.226884
广东省,佛山市,南海区,里水镇,麻奢村,广东省麻奢村,113.120943,23.213611
广东省,佛山市,南海区,里水镇,五一村,广东省五一村,113.799228,23.270983
广东省,佛山市,南海区,里水镇,洲村,广东省洲村,113.358328,23.0591
广东省,佛山市,南海区,狮山镇,罗村,广东省罗村,113.202334,23.119172
广东省,佛山市,南海区,狮山镇,狮北村,广东省狮北村,112.976092,23.173247
广东省,佛山市,南海区,西樵镇,大同村,广东省大同村,114.854973,23.499898
广东省,佛山市,南海区,西樵镇,新田村,广东省新田村,116.260033,24.170398
广东省,佛山市,三水区,乐平镇,范湖村,广东省范湖村,112.998084,23.309459
广东省,佛山市,三水区,乐平镇,三江村,广东省三江村,113.029782,23.230043
广东省,佛山市,顺德区,乐从镇,大墩村,广东省大墩村,113.120385,22.956033
广东省,佛山市,顺德区,乐从镇,大闸村,广东省大闸村,113.109261,22.901603
广东省,佛山市,顺德区,乐从镇,葛岸村,广东省葛岸村,113.073061,22.953911
广东省,佛山市,顺德区,乐从镇,荷村,广东省荷村,112.477561,22.923899
广东省,佛山市,顺德区,乐从镇,良村,广东省良村,113.133452,22.653512
广东省,佛山市,顺德区,乐从镇,良教村,广东省良教村,113.060689,22.963394
广东省,佛山市,顺德区,乐从镇,罗沙村,广东省罗沙村,113.067752,22.91748
广东省,佛山市,顺德区,乐从镇,南村,广东省南村,113.380237,23.003264
广东省,佛山市,顺德区,乐从镇,沙边村,广东省沙边村,NA,NA
广东省,佛山市,顺德区,乐从镇,沙窖南村,广东省沙窖南村,113.7632828,23.3790333
广东省,佛山市,顺德区,乐从镇,上华村,广东省上华村,113.069392,22.972002
广东省,佛山市,顺德区,乐从镇,水藤村,广东省水藤村,NA,NA
广东省,佛山市,顺德区,乐从镇,新隆村,广东省新隆村,NA,NA
广东省,佛山市,顺德区,乐从镇,杨滘村,广东省杨滘村,113.05127,22.926222
广东省,佛山市,顺德区,杏坛镇,高赞村,广东省高赞村,113.200293,22.764202
广东省,广州市,白云区,江高镇,江村,广东省江村,113.23457,23.276154
广东省,广州市,白云区,江高镇,泉溪村,广东省泉溪村,NA,NA
广东省,广州市,白云区,京溪街道,犀牛角村,广东省犀牛角村,113.340963,23.192044
广东省,广州市,白云区,人和镇,大巷村,广东省大巷村,113.28788,23.324278
广东省,广州市,白云区,人和镇,东华村,广东省东华村,116.531686,23.172166
广东省,广州市,白云区,人和镇,方石村,广东省方石村,113.288019,23.319859
广东省,广州市,白云区,人和镇,岗尾村,广东省岗尾村,113.264195,23.330767
广东省,广州市,白云区,人和镇,高增村,广东省高增村,113.305144,23.348485
广东省,广州市,白云区,人和镇,太成村,广东省太成村,113.274097,23.347724
广东省,广州市,白云区,人和镇,西成村,广东省西成村,113.299093,23.368818
广东省,广州市,白云区,人和镇,秀水村,广东省秀水村,113.302021,23.313053
广东省,广州市,白云区,人和镇,鸦湖村,广东省鸦湖村,113.286439,23.325221
广东省,广州市,白云区,太和镇,北村,广东省北村,112.701331,22.859051
广东省,广州市,白云区,太和镇,大沥村,广东省大沥村,113.335143,23.307542
广东省,广州市,白云区,太和镇,大源村,广东省大源村,113.349345,23.246272
广东省,广州市,白云区,太和镇,东平村,广东省东平村,113.318347,23.255384
广东省,广州市,白云区,太和镇,和龙村,广东省和龙村,113.36687,23.288925
广东省,广州市,白云区,太和镇,黄庄村,广东省黄庄村,113.342697,23.233452
广东省,广州市,白云区,太和镇,龙归南村,广东省龙归南村,113.300813,23.288774
广东省,广州市,白云区,太和镇,龙归社区,广东省龙归社区,113.460181,24.7297
广东省,广州市,白云区,太和镇,米龙村,广东省米龙村,113.358221,23.288081
广东省,广州市,白云区,太和镇,南边村,广东省南边村,NA,NA
广东省,广州市,白云区,太和镇,南村,广东省南村,113.380237,23.003264
广东省,广州市,白云区,太和镇,南岭村,广东省南岭村,113.296717,23.271385
广东省,广州市,白云区,太和镇,石湖村,广东省石湖村,113.343121,23.286846
广东省,广州市,白云区,太和镇,田心村,广东省田心村,113.088811,23.444325
广东省,广州市,白云区,太和镇,夏良村,广东省夏良村,113.303795,23.28463
广东省,广州市,白云区,太和镇,谢家庄村,广东省谢家庄村,113.356189,23.303317
广东省,广州市,白云区,太和镇,永兴村,广东省永兴村,113.330118,23.264805
广东省,广州市,白云区,太和镇,园夏村,广东省园夏村,113.292547,23.28328
广东省,广州市,白云区,钟落潭镇,金盆村,广东省金盆村,113.383677,23.326154
广东省,广州市,白云区,钟落潭镇,长腰岭村,广东省长腰岭村,113.425387,23.38546
广东省,广州市,番禺区,大石街道,北联村,广东省北联村,112.691904,22.202634
广东省,广州市,番禺区,大石街道,大山村,广东省大山村,113.319239,23.023183
广东省,广州市,番禺区,大石街道,东联村,广东省东联村,113.936726,23.902027
广东省,广州市,番禺区,大石街道,河村,广东省河村,113.33553,23.012379
广东省,广州市,番禺区,大石街道,会江村,广东省会江村,113.23457,23.276154
广东省,广州市,番禺区,大石街道,礼村,广东省礼村,113.318749,23.013257
广东省,广州市,番禺区,大石街道,猛涌村,广东省猛涌村,113.309463,23.012468
广东省,广州市,番禺区,大石街道,沙溪村,广东省沙溪村,113.202816,23.124426
广东省,广州市,番禺区,大石街道,上漖村,广东省上漖村,113.314791,23.041357
广东省,广州市,番禺区,大石街道,诜村,广东省诜村,113.317291,22.978969
广东省,广州市,番禺区,大石街道,涌口村,广东省涌口村,113.18253,23.047942
广东省,广州市,番禺区,大石街道,植村,广东省植村,113.325451,23.011021
广东省,广州市,番禺区,南村镇,板桥村,广东省板桥村,113.388101,23.015117
广东省,广州市,番禺区,南村镇,草堂村,广东省草堂村,113.392899,22.042985
广东省,广州市,番禺区,南村镇,陈边村,广东省陈边村,112.809689,22.355065
广东省,广州市,番禺区,南村镇,江南村,广东省江南村,113.370649,22.992466
广东省,广州市,番禺区,南村镇,坑头村,广东省坑头村,113.39539,22.983116
广东省,广州市,番禺区,南村镇,里仁洞村,广东省里仁洞村,113.348446,22.992418
广东省,广州市,番禺区,南村镇,南村,广东省南村,113.380237,23.003264
广东省,广州市,番禺区,南村镇,市头村,广东省市头村,113.396099,23.020859
广东省,广州市,番禺区,南村镇,塘步东村,广东省塘步东村,113.34486,23.01689
广东省,广州市,番禺区,南村镇,塘步西村,广东省塘步西村,113.341537,23.017429
广东省,广州市,番禺区,南村镇,塘西村,广东省塘西村,116.821414,23.568823
广东省,广州市,番禺区,南村镇,员岗村,广东省员岗村,113.362233,23.015598
广东省,广州市,番禺区,南村镇,樟边村,广东省樟边村,113.383205,22.984191
广东省,广州市,番禺区,沙湾镇,蚬涌村,广东省蚬涌村,113.391573,22.913984
广东省,广州市,番禺区,石基镇,茶东村,广东省茶东村,113.411587,22.956114
广东省,广州市,番禺区,石基镇,海傍村,广东省海傍村,113.467768,22.929121
广东省,广州市,番禺区,石基镇,金山村,广东省金山村,113.416611,22.992557
广东省,广州市,番禺区,石基镇,石基村,广东省石基村,113.42513,22.89406
广东省,广州市,番禺区,石基镇,永善村,广东省永善村,113.459921,22.957652
广东省,广州市,番禺区,石楼镇,赤岗村,广东省赤岗村,113.695915,22.831752
广东省,广州市,花都区,花东镇,保良村,广东省保良村,113.363644,23.416499
广东省,广州市,花都区,花东镇,北兴村,广东省北兴村,113.423484,23.428936
广东省,广州市,花都区,花东镇,三凤村,广东省三凤村,113.313856,23.432989
广东省,广州市,花都区,狮岭镇,冯村,广东省冯村,113.646683,23.230033
广东省,广州市,花都区,狮岭镇,合成村,广东省合成村,113.183061,23.459419
广东省,广州市,花都区,狮岭镇,军田村,广东省军田村,113.139318,23.455976
广东省,广州市,花都区,狮岭镇,联合村,广东省联合村,113.166763,23.460407
广东省,广州市,花都区,狮岭镇,奇才新村,广东省奇才新村,113.7632828,23.3790333
广东省,广州市,花都区,狮岭镇,旗新村,广东省旗新村,113.215931,23.473166
广东省,广州市,花都区,狮岭镇,前进村,广东省前进村,113.436937,22.297401
广东省,广州市,花都区,狮岭镇,双龙村,广东省双龙村,112.788878,21.987549
广东省,广州市,花都区,狮岭镇,新扬村,广东省新扬村,113.206665,23.471251
广东省,广州市,花都区,狮岭镇,新杨村,广东省新杨村,113.207823,23.472811
广东省,广州市,花都区,狮岭镇,义坑新村,广东省义坑新村,113.182972,23.477447
广东省,广州市,花都区,狮岭镇,义山村,广东省义山村,113.13528,23.43911
广东省,广州市,花都区,狮岭镇,益群村,广东省益群村,113.189344,23.468598
广东省,广州市,花都区,狮岭镇,振兴村,广东省振兴村,113.163477,23.46733
广东省,广州市,花都区,狮岭镇,中心村,广东省中心村,114.0468639,22.5257941
广东省,广州市,增城区,新塘镇,白江村,广东省白江村,113.599119,23.114664
广东省,广州市,增城区,新塘镇,白石村,广东省白石村,NA,NA
广东省,广州市,增城区,新塘镇,东洲村,广东省东洲村,115.534178,22.710506
广东省,广州市,增城区,新塘镇,甘涌村,广东省甘涌村,113.621715,23.107623
广东省,广州市,增城区,新塘镇,久裕村,广东省久裕村,113.651395,23.123991
广东省,广州市,增城区,新塘镇,坭紫村,广东省坭紫村,113.637955,23.114977
广东省,广州市,增城区,新塘镇,上邵村,广东省上邵村,113.645834,23.157903
广东省,广州市,增城区,新塘镇,新何村,广东省新何村,113.615231,23.111924
广东省,广州市,增城区,新塘镇,瑶田村,广东省瑶田村,113.625142,23.136117
广东省,河源市,龙川县,老隆镇,水贝村,广东省水贝村,114.124078,22.569836
广东省,惠州市,博罗县,石湾镇,湖山村,广东省湖山村,113.866501,23.128404
广东省,惠州市,博罗县,石湾镇,铁场村,广东省铁场村,113.923993,23.15628
广东省,惠州市,博罗县,石湾镇,中岗村,广东省中岗村,113.871122,23.141395
广东省,惠州市,博罗县,园洲镇,李屋村,广东省李屋村,114.095244,23.024686
广东省,惠州市,博罗县,园洲镇,寮仔村,广东省寮仔村,113.922374,23.119418
广东省,惠州市,博罗县,园洲镇,上南村,广东省上南村,NA,NA
广东省,惠州市,博罗县,园洲镇,下南村,广东省下南村,NA,NA
广东省,惠州市,惠城区,小金口街道,乌石村,广东省乌石村,116.512687,23.354303
广东省,惠州市,惠东县,白花镇,太阳村,广东省太阳村,115.998013,24.663262
广东省,惠州市,惠东县,大岭镇,大浪村,广东省大浪村,114.006791,22.678328
广东省,惠州市,惠东县,大岭镇,新村,广东省新村,113.291836,23.137942
广东省,惠州市,惠阳区,淡水街道,土湖村,广东省土湖村,114.443209,22.77983
广东省,惠州市,惠阳区,秋长街道,白石村,广东省白石村,114.381772,22.772084
广东省,惠州市,惠阳区,秋长街道,维布村,广东省维布村,114.418322,22.820368
广东省,惠州市,惠阳区,秋长街道,新塘村,广东省新塘村,113.411771,23.156569
广东省,惠州市,惠阳区,新圩镇,长布村,广东省长布村,114.361437,22.834761
广东省,江门市,鹤山市,沙坪街道,中东西村,广东省中东西村,112.96981,22.779678
广东省,江门市,鹤山市,址山镇,东溪村,广东省东溪村,116.452753,23.266864
广东省,江门市,开平市,水口镇,水口村,广东省水口村,113.151318,22.939715
广东省,江门市,台山市,大江镇,大江村,广东省大江村,113.074057,23.02849
广东省,揭阳市,揭东区,锡场镇,军埔村,广东省军埔村,116.903333,23.773233
广东省,揭阳市,揭西县,棉湖镇,湖西村,广东省湖西村,116.136361,23.435221
广东省,揭阳市,普宁市,池尾街道,东山村,广东省东山村,116.781589,23.569164
广东省,揭阳市,普宁市,池尾街道,多年山村,广东省多年山村,116.123273,23.279843
广东省,揭阳市,普宁市,池尾街道,高埕村,广东省高埕村,116.133323,23.312585
广东省,揭阳市,普宁市,池尾街道,高明村,广东省高明村,NA,NA
广东省,揭阳市,普宁市,池尾街道,贵政山村,广东省贵政山村,116.141684,23.29071
广东省,揭阳市,普宁市,池尾街道,华市村,广东省华市村,116.156672,23.308713
广东省,揭阳市,普宁市,池尾街道,山湖村,广东省山湖村,113.470214,23.849058
广东省,揭阳市,普宁市,池尾街道,上寮村,广东省上寮村,113.837821,22.724625
广东省,揭阳市,普宁市,池尾街道,松柏岭村,广东省松柏岭村,116.117276,23.284126
广东省,揭阳市,普宁市,池尾街道,塔丰村,广东省塔丰村,116.129433,23.295189
广东省,揭阳市,普宁市,池尾街道,塘边村,广东省塘边村,113.87697,22.990752
广东省,揭阳市,普宁市,池尾街道,西清村,广东省西清村,116.138271,23.323808
广东省,揭阳市,普宁市,池尾街道,新寮村,广东省新寮村,116.249173,23.701312
广东省,揭阳市,普宁市,池尾街道,钟潭村,广东省钟潭村,116.136732,23.293999
广东省,揭阳市,普宁市,军埠镇,大长陇村,广东省大长陇村,116.275592,23.243796
广东省,揭阳市,普宁市,军埠镇,莲坛村,广东省莲坛村,113.7632828,23.3790333
广东省,揭阳市,普宁市,军埠镇,石桥头村,广东省石桥头村,116.289177,23.277482
广东省,揭阳市,普宁市,燎原镇,光南村,广东省光南村,116.169649,23.334931
广东省,揭阳市,普宁市,燎原镇,果陇村,广东省果陇村,116.168074,23.341785
广东省,揭阳市,普宁市,燎原镇,泥沟村,广东省泥沟村,116.148215,23.344036
广东省,揭阳市,普宁市,燎原镇,乌石村,广东省乌石村,116.512687,23.354303
广东省,揭阳市,普宁市,流沙北街道,白沙陇村,广东省白沙陇村,116.162482,23.29955
广东省,揭阳市,普宁市,流沙北街道,南园村,广东省南园村,116.170186,23.307444
广东省,揭阳市,普宁市,流沙北街道,西陇村,广东省西陇村,116.17514,23.316563
广东省,揭阳市,普宁市,流沙北街道,小扬美村,广东省小扬美村,116.189954,23.327788
广东省,揭阳市,普宁市,流沙北街道,新村,广东省新村,113.291836,23.137942
广东省,揭阳市,普宁市,流沙南街道,东埔村,广东省东埔村,116.59454,23.680188
广东省,揭阳市,普宁市,流沙南街道,光草洋村,广东省光草洋村,116.178359,23.285742
广东省,揭阳市,普宁市,流沙南街道,马栅村,广东省马栅村,116.201011,23.27666
广东省,揭阳市,普宁市,流沙南街道,泗竹埔村,广东省泗竹埔村,116.191024,23.275598
广东省,揭阳市,普宁市,梅塘镇,泗坑村,广东省泗坑村,116.125127,23.325425
广东省,揭阳市,普宁市,梅塘镇,涂洋村,广东省涂洋村,116.111128,23.338002
广东省,揭阳市,普宁市,梅塘镇,溪南村,广东省溪南村,116.089107,23.3797
广东省,揭阳市,普宁市,梅塘镇,长美村,广东省长美村,116.058764,23.354638
广东省,揭阳市,普宁市,南径镇,龙门村,广东省龙门村,112.164433,22.544226
广东省,揭阳市,普宁市,南径镇,青洋山村,广东省青洋山村,116.31739,23.308907
广东省,揭阳市,普宁市,南溪镇,钟堂村,广东省钟堂村,116.24709,23.489635
广东省,揭阳市,普宁市,麒麟镇,月屿村,广东省月屿村,116.328592,23.370315
广东省,揭阳市,普宁市,下架山镇,横溪村,广东省横溪村,116.550647,23.689224
广东省,揭阳市,普宁市,下架山镇,咸寮村,广东省咸寮村,116.212281,23.241932
广东省,揭阳市,普宁市,占陇镇,交丙坛村,广东省交丙坛村,116.236033,23.290679
广东省,揭阳市,普宁市,占陇镇,朴兜村,广东省朴兜村,116.279635,23.284128
广东省,揭阳市,普宁市,占陇镇,西楼村,广东省西楼村,116.286887,23.290473
广东省,揭阳市,普宁市,占陇镇,下村,广东省下村,113.883918,22.788867
广东省,揭阳市,普宁市,占陇镇,下寨村,广东省下寨村,116.959617,23.714836
广东省,揭阳市,普宁市,占陇镇,占陈村,广东省占陈村,116.269494,23.285291
广东省,揭阳市,普宁市,占陇镇,占苏村,广东省占苏村,116.265932,23.290085
广东省,揭阳市,普宁市,占陇镇,占杨村,广东省占杨村,116.257802,23.288222
广东省,汕头市,潮南区,陈店镇,浮草村,广东省浮草村,116.334176,23.296941
广东省,汕头市,潮南区,陈店镇,港后村,广东省港后村,116.34115,23.285352
广东省,汕头市,潮南区,陈店镇,流仙村,广东省流仙村,116.352902,23.290274
广东省,汕头市,潮南区,陈店镇,内新村,广东省内新村,116.323659,23.300111
广东省,汕头市,潮南区,陈店镇,新溪西村,广东省新溪西村,116.303669,23.264069
广东省,汕头市,潮南区,陈店镇,洋新村,广东省洋新村,115.888099,23.99924
广东省,汕头市,潮南区,成田镇,简朴村,广东省简朴村,116.480567,23.168759
广东省,汕头市,潮南区,成田镇,深沟村,广东省深沟村,116.484476,23.195535
广东省,汕头市,潮南区,成田镇,西岐村,广东省西岐村,116.473787,23.191793
广东省,汕头市,潮南区,两英镇,东北村,广东省东北村,116.3927,23.205553
广东省,汕头市,潮南区,两英镇,禾皋村,广东省禾皋村,116.34679,23.229852
广东省,汕头市,潮南区,两英镇,西新村,广东省西新村,116.383957,23.206287
广东省,汕头市,潮南区,陇田镇,芝兰村,广东省芝兰村,116.522996,23.172168
广东省,汕头市,潮南区,陇田镇,珠埕村,广东省珠埕村,116.508805,23.190509
广东省,汕头市,潮南区,胪岗镇,泗和村,广东省泗和村,111.66298,22.691172
广东省,汕头市,潮南区,胪岗镇,泗黄村,广东省泗黄村,116.446239,23.231217
广东省,汕头市,潮南区,胪岗镇,溪尾周村,广东省溪尾周村,116.436088,23.216121
广东省,汕头市,潮南区,胪岗镇,新庆村,广东省新庆村,116.458209,23.242121
广东省,汕头市,潮南区,司马浦镇,华里西村,广东省华里西村,116.364635,23.287946
广东省,汕头市,潮南区,司马浦镇,溪美朱村,广东省溪美朱村,116.354005,23.268662
广东省,汕头市,潮南区,司马浦镇,下店村,广东省下店村,116.380287,23.2412
广东省,汕头市,潮南区,司马浦镇,仙港村,广东省仙港村,116.394525,23.271088
广东省,汕头市,潮南区,峡山街道,陈禾陂村,广东省陈禾陂村,116.389059,23.232066
广东省,汕头市,潮南区,峡山街道,东溪村,广东省东溪村,NA,NA
广东省,汕头市,潮南区,峡山街道,沟头村,广东省沟头村,116.393079,23.245669
广东省,汕头市,潮南区,峡山街道,练南村,广东省练南村,116.457974,23.259516
广东省,汕头市,潮南区,峡山街道,西港村,广东省西港村,116.426494,23.229902
广东省,汕头市,潮南区,峡山街道,西沟村,广东省西沟村,NA,NA
广东省,汕头市,潮南区,峡山街道,洋汾陈村,广东省洋汾陈村,116.397472,23.254906
广东省,汕头市,潮阳区,谷饶镇,大坑村,广东省大坑村,116.523989,24.238216
广东省,汕头市,潮阳区,谷饶镇,东明村,广东省东明村,114.571081,22.872407
广东省,汕头市,潮阳区,贵屿镇,湄洲村,广东省湄洲村,116.341606,23.310027
广东省,汕头市,潮阳区,贵屿镇,山力村,广东省山力村,116.386361,23.348328
广东省,汕头市,潮阳区,贵屿镇,西美村,广东省西美村,116.361219,23.359319
广东省,汕头市,潮阳区,贵屿镇,仙马村,广东省仙马村,116.360141,23.295404
广东省,汕头市,潮阳区,河溪镇,东陇村,广东省东陇村,116.594858,23.570716
广东省,汕头市,潮阳区,铜盂镇,河陇村,广东省河陇村,116.440521,23.306355
广东省,汕头市,潮阳区,铜盂镇,肖渡村,广东省肖渡村,116.410509,23.275925
广东省,汕头市,澄海区,东里镇,南社村,广东省南社村,113.901007,23.064849
广东省,汕头市,澄海区,莲上镇,涂城村,广东省涂城村,116.793392,23.521102
广东省,汕头市,澄海区,莲上镇,永新村,广东省永新村,116.790892,23.508621
广东省,汕头市,澄海区,莲上镇,竹林村,广东省竹林村,114.02546,22.53718
广东省,汕头市,澄海区,莲下镇,北湾村,广东省北湾村,116.812997,23.482165
广东省,汕头市,澄海区,莲下镇,槐东村,广东省槐东村,116.792748,23.498613
广东省,汕头市,澄海区,莲下镇,槐泽村,广东省槐泽村,116.787138,23.499622
广东省,汕头市,澄海区,莲下镇,建阳村,广东省建阳村,116.789033,23.491485
广东省,汕头市,澄海区,莲下镇,窖西村,广东省窖西村,116.759791,23.537995
广东省,汕头市,澄海区,莲下镇,立德村,广东省立德村,116.78771,23.496751
广东省,汕头市,澄海区,莲下镇,南湾村,广东省南湾村,116.808252,23.47042
广东省,汕头市,澄海区,上华镇,渡头村,广东省渡头村,112.989439,21.989614
广东省,汕头市,澄海区,溪南镇,埭头村,广东省埭头村,116.805936,23.544883
广东省,汕头市,澄海区,溪南镇,上岱美村,广东省上岱美村,116.802851,23.538101
广东省,汕头市,澄海区,溪南镇,下岱美村,广东省下岱美村,116.80078,23.532476
广东省,汕头市,龙湖区,外砂镇,李厝村,广东省李厝村,116.968091,23.670885
广东省,汕头市,龙湖区,外砂镇,南社村,广东省南社村,113.901007,23.064849
广东省,汕头市,龙湖区,外砂镇,内陇村,广东省内陇村,116.759816,23.44306
广东省,汕头市,龙湖区,外砂镇,蓬中村,广东省蓬中村,116.754281,23.436919
广东省,汕头市,龙湖区,珠池街道,广兴村,广东省广兴村,116.74378,23.369397
广东省,汕尾市,陆丰市,碣石镇,桂林村,广东省桂林村,112.855618,22.434936
广东省,珠海市,斗门区,井岸镇,西埔村,广东省西埔村,113.268828,22.162244
广东省,珠海市,斗门区,井岸镇,新青村,广东省新青村,113.299115,22.149318
河北省,保定市,安新县,安新镇,大张庄村,河北省大张庄村,115.387149,38.693636
河北省,保定市,白沟新城,白沟镇,白五村,河北省白五村,114.87983,39.95597
河北省,保定市,白沟新城,白沟镇,来远村,河北省来远村,116.032941,39.126574
河北省,保定市,白沟新城,白沟镇,王庄村,河北省王庄村,115.763975,37.12222
河北省,保定市,白沟新城,白沟镇,小营村,河北省小营村,116.535571,39.585272
河北省,保定市,白沟新城,白沟镇,许庄村,河北省许庄村,118.130834,39.632008
河北省,保定市,高碑店市,梁家营乡,梁北村,河北省梁北村,115.94925,39.265217
河北省,保定市,高碑店市,新城镇,南场村,河北省南场村,118.3696,39.73417
河北省,保定市,高碑店市,张六庄乡,南宫井村,河北省南宫井村,116.180847,39.183817
河北省,保定市,蠡县,南庄镇,后刘市村,河北省后刘市村,115.655559,38.391807
河北省,保定市,蠡县,南庄镇,林里村,河北省林里村,115.608544,38.383788
河北省,保定市,蠡县,辛兴镇,南沙口村,河北省南沙口村,115.015044,36.291679
河北省,保定市,蠡县,辛兴镇,辛兴村,河北省辛兴村,115.122188,38.497236
河北省,保定市,清苑县,东吕乡,东吕村,河北省东吕村,115.039682,36.142345
河北省,保定市,曲阳县,羊平镇,北村,河北省北村,114.600981,37.075861
河北省,保定市,曲阳县,羊平镇,南村,河北省南村,114.645657,38.062428
河北省,保定市,容城县,大河镇,西里村,河北省西里村,114.935635,38.057414
河北省,保定市,容城县,晾马台镇,王家营村,河北省王家营村,115.77778,38.566039
河北省,保定市,雄县,龙湾镇,大步村,河北省大步村,116.181108,38.996278
河北省,沧州市,泊头市,富镇镇,富镇村,河北省富镇村,116.144372,38.03078
河北省,沧州市,泊头市,富镇镇,孟屯村,河北省孟屯村,114.477724,37.209062
河北省,沧州市,肃宁县,河北留善寺乡,韩村,河北省韩村,115.474147,38.891124
河北省,沧州市,肃宁县,河北留善寺乡,河北村,河北省河北村,115.788326,37.968226
河北省,沧州市,肃宁县,河北留善寺乡,河南留善寺村,河北省河南留善寺村,116.008313,38.380024
河北省,沧州市,肃宁县,河北留善寺乡,南曹庄村,河北省南曹庄村,116.860268,39.96526799999999
河北省,沧州市,肃宁县,河北留善寺乡,西乾泊村,河北省西乾泊村,116.018725,38.401308
河北省,沧州市,肃宁县,河北留善寺乡,徐家庄村,河北省徐家庄村,115.013532,38.73889
河北省,沧州市,肃宁县,万里镇,官厅村,河北省官厅村,114.673137,40.21587299999999
河北省,沧州市,肃宁县,万里镇,西辛庄村,河北省西辛庄村,116.370361,38.172931
河北省,邯郸市,峰峰矿区,彭城镇,街王庄村,河北省街王庄村,114.180525,36.440754
河北省,邯郸市,永年县,临洺关镇,河北铺村,河北省河北铺村,114.496785,36.808253
河北省,衡水市,枣强县,肖张镇,肖张村,河北省肖张村,115.728171,37.598317
河北省,廊坊市,霸州市,胜芳镇,崔庄子村,河北省崔庄子村,117.16982,39.97020699999999
河北省,廊坊市,霸州市,王庄子乡,王泊村,河北省王泊村,116.61814,39.083203
河北省,廊坊市,霸州市,信安镇,高桥村,河北省高桥村,116.638106,39.118107
河北省,廊坊市,大城县,广安镇,大广安村,河北省大广安村,116.532443,38.626989
河北省,廊坊市,固安县,礼让店乡,康家务村,河北省康家务村,116.259201,39.245212
河北省,廊坊市,广阳区,南尖塔镇,北尖塔村,河北省北尖塔村,116.70071,39.563816
河北省,廊坊市,三河市,燕郊镇,行宫村,河北省行宫村,116.80787,39.94428
河北省,秦皇岛市,北戴河区,戴河镇,北戴河村,河北省北戴河村,119.423146,39.862368
河北省,石家庄市,藁城市,梅花镇,南高庄村,河北省南高庄村,114.359383,38.100616
河北省,石家庄市,藁城市,梅花镇,屯头村,河北省屯头村,114.852013,37.918069
河北省,石家庄市,晋州市,东卓宿镇,陈家庄村,河北省陈家庄村,114.563345,38.305104
河北省,石家庄市,晋州市,马于镇,吕家庄村,河北省吕家庄村,115.100764,38.409794
河北省,石家庄市,晋州市,马于镇,马于村,河北省马于村,115.128055,37.971281
河北省,石家庄市,晋州市,桃园镇,东小留村,河北省东小留村,115.042566,37.891658
河北省,石家庄市,晋州市,小樵镇,田村,河北省田村,115.160825,38.121699
河北省,石家庄市,深泽县,白庄乡,大直要村,河北省大直要村,115.26977,38.220279
河北省,石家庄市,深泽县,白庄乡,南张庄村,河北省南张庄村,114.580076,39.820495
河北省,石家庄市,深泽县,白庄乡,小堡村,河北省小堡村,115.285607,38.219455
河北省,石家庄市,深泽县,桥头乡,方元村,河北省方元村,115.11734,38.145523
河北省,石家庄市,深泽县,桥头乡,耿庄村,河北省耿庄村,115.14612,38.141868
河北省,石家庄市,无极县,张段固镇,王吕村,河北省王吕村,116.180866,37.939644
河北省,石家庄市,新华区,杜北乡,南高基村,河北省南高基村,114.473992,38.1131
河北省,石家庄市,正定县,正定镇,北贾村,河北省北贾村,114.547489,38.198739
河北省,唐山市,迁安市,杨店子镇,滨河村,河北省滨河村,118.57488,39.993073
河北省,邢台市,南宫市,垂杨镇,后索泸村,河北省后索泸村,115.538598,37.150785
河北省,邢台市,南宫市,垂杨镇,前索泸村,河北省前索泸村,115.538598,37.150785
河北省,邢台市,南宫市,垂杨镇,宋都水村,河北省宋都水村,115.61412,37.21082699999999
河北省,邢台市,南宫市,段芦头镇,段四村,河北省段四村,115.679699,37.179232
河北省,邢台市,南宫市,段芦头镇,段一村,河北省段一村,114.9042208,37.8956594
河北省,邢台市,南宫市,段芦头镇,南张庄村,河北省南张庄村,114.580076,39.820495
河北省,邢台市,南宫市,紫冢镇,赵都水村,河北省赵都水村,115.62704,37.213439
河北省,邢台市,宁晋县,凤凰镇,杨家庄村,河北省杨家庄村,116.364056,39.419103
河北省,邢台市,宁晋县,河渠镇,河渠村,河北省河渠村,114.832675,37.600341
河北省,邢台市,平乡县,丰州镇,霍洪村,河北省霍洪村,115.094449,37.058819
河北省,邢台市,平乡县,丰州镇,李冯马村,河北省李冯马村,115.079427,37.064779
河北省,邢台市,平乡县,丰州镇,梁里马村,河北省梁里马村,115.082746,37.055162
河北省,邢台市,平乡县,丰州镇,孟冯马村,河北省孟冯马村,115.079392,37.066162
河北省,邢台市,平乡县,丰州镇,田禾村,河北省田禾村,115.097021,37.05018
河北省,邢台市,平乡县,丰州镇,张冯马村,河北省张冯马村,115.074714,37.079167
河北省,邢台市,平乡县,丰州镇,左冯马村,河北省左冯马村,115.077256,37.069774
河北省,邢台市,平乡县,河古庙镇,高阜镇村,河北省高阜镇村,115.070598,36.98369599999999
河北省,邢台市,平乡县,田付村乡,艾村,河北省艾村,115.008445,37.005217
河北省,邢台市,平乡县,田付村乡,田付村,河北省田付村,115.032123,37.005166
河北省,邢台市,清河县,葛仙庄镇,东高庄村,河北省东高庄村,115.700078,37.112362
河北省,邢台市,清河县,葛仙庄镇,花园村,河北省花园村,115.846832,37.26629700000001
河北省,邢台市,清河县,葛仙庄镇,黄金庄村,河北省黄金庄村,115.69825,37.098617
河北省,邢台市,清河县,葛仙庄镇,郎吕坡村,河北省郎吕坡村,115.680196,37.129773
河北省,邢台市,清河县,葛仙庄镇,西高庄村,河北省西高庄村,115.688631,37.109796
河北省,邢台市,清河县,葛仙庄镇,许二庄村,河北省许二庄村,115.716682,37.11487899999999
河北省,邢台市,清河县,葛仙庄镇,杨二庄村,河北省杨二庄村,115.727042,37.084418
河北省,邢台市,清河县,葛仙庄镇,张二庄村,河北省张二庄村,116.879445,38.478965
河北省,邢台市,清河县,连庄镇,东张古村,河北省东张古村,115.749526,37.113722
河北省,邢台市,清河县,连庄镇,后段庄村,河北省后段庄村,115.76057,37.140887
河北省,邢台市,清河县,连庄镇,双城集村,河北省双城集村,115.771069,37.070187
河北省,邢台市,清河县,连庄镇,田沙土村,河北省田沙土村,115.714492,37.128977
河北省,邢台市,清河县,连庄镇,西张古村,河北省西张古村,115.74192,37.112648
河北省,邢台市,清河县,连庄镇,西张宽村,河北省西张宽村,115.73691,37.149401
河北省,邢台市,清河县,谢炉镇,陈庄村,河北省陈庄村,117.103508,39.9045
河北省,邢台市,清河县,谢炉镇,王双庙村,河北省王双庙村,115.697021,37.062028
河南省,焦作市,孟州市,南庄镇,桑坡村,河南省桑坡村,112.870275,34.907011
河南省,洛阳市,孟津县,平乐镇,平乐村,河南省平乐村,112.589667,34.746343
河南省,洛阳市,偃师市,缑氏镇,马屯村,河南省马屯村,112.352496,34.854463
河南省,洛阳市,伊滨区,庞村镇,掘山村,河南省掘山村,112.6473,34.635242
河南省,南阳市,镇平县,石佛寺镇,贺庄村,河南省贺庄村,113.692284,35.075733
河南省,南阳市,镇平县,石佛寺镇,石佛寺村,河南省石佛寺村,114.271754,35.653284
河南省,商丘市,夏邑县,何营乡,王营村,河南省王营村,NA,NA
河南省,许昌市,许昌县,灵井镇,郭店村,河南省郭店村,112.966279,34.516953
河南省,许昌市,许昌县,灵井镇,霍庄村,河南省霍庄村,114.960579,33.29112
河南省,许昌市,长葛市,大周镇,和尚杨村,河南省和尚杨村,113.852549,34.31245
河南省,许昌市,长葛市,大周镇,双庙李村,河南省双庙李村,113.84341,34.30815
河南省,许昌市,长葛市,官亭乡,岗李村,河南省岗李村,113.909907,34.474785
河南省,许昌市,长葛市,官亭乡,尚庄村,河南省尚庄村,114.024502,34.708609
湖北省,十堰市,郧西县,涧池乡,下营村,湖北省下营村,110.310355,32.887597
湖南省,益阳市,桃江县,桃花江镇,株木潭村,湖南省株木潭村,112.240084,28.542869
吉林省,延边朝鲜族自治州,安图县,二道白河镇,长白村,吉林省长白村,124.292042,45.494639
江苏省,常州市,溧阳市,溧城镇,昆仑村,江苏省昆仑村,119.496612,31.460844
江苏省,常州市,溧阳市,天目湖镇,天目湖村,江苏省天目湖村,NA,NA
江苏省,常州市,武进区,奔牛镇,东桥村,江苏省东桥村,120.583769,31.688594
江苏省,常州市,武进区,横林镇,崔北村,江苏省崔北村,120.119332,31.72811999999999
江苏省,常州市,武进区,横林镇,双蓉村,江苏省双蓉村,120.126528,31.731828
江苏省,常州市,武进区,横山桥镇,省庄村,江苏省省庄村,119.70673,31.233659
江苏省,常州市,武进区,湖塘镇,大学新村,江苏省大学新村,118.812261,32.030315
江苏省,常州市,武进区,邹区镇,安基村,江苏省安基村,120.00749,31.877132
江苏省,常州市,武进区,邹区镇,戴庄村,江苏省戴庄村,119.234337,31.651585
江苏省,常州市,新北区,春江镇,圩塘村,江苏省圩塘村,119.991723,31.94305
江苏省,常州市,新北区,孟河镇,九龙村,江苏省九龙村,121.384729,32.342255
江苏省,常州市,新北区,孟河镇,庙边村,江苏省庙边村,119.865087,32.05274900000001
江苏省,连云港市,东海县,牛山镇,西蔡村,江苏省西蔡村,120.424331,31.237621
江苏省,连云港市,东海县,曲阳乡,薛埠村,江苏省薛埠村,119.378616,31.726937
江苏省,连云港市,灌云县,伊山镇,新村,江苏省新村,118.5980993,31.8456106
江苏省,南通市,海安县,城东镇,西场村,江苏省西场村,120.597203,32.520924
江苏省,南通市,海门市,海门镇,海新村,江苏省海新村,121.148987,31.880454
江苏省,南通市,启东市,吕四港镇,天汾镇村,江苏省天汾镇村,121.548411,32.062937
江苏省,南通市,通州区,川姜镇,川北村,江苏省川北村,121.070092,31.938412
江苏省,南通市,通州区,川姜镇,川南村,江苏省川南村,121.064529,31.921576
江苏省,南通市,通州区,川姜镇,姜川村,江苏省姜川村,121.051842,31.974313
江苏省,南通市,通州区,川姜镇,磨框镇村,江苏省磨框镇村,121.060523,31.970809
江苏省,南通市,通州区,川姜镇,三合口村,江苏省三合口村,121.040477,31.959204
江苏省,南通市,通州区,川姜镇,双桥村,江苏省双桥村,119.894664,31.262107
江苏省,南通市,通州区,川姜镇,义成村,江苏省义成村,121.066311,31.990323
江苏省,南通市,通州区,川姜镇,志浩村,江苏省志浩村,119.7889248,33.1401715
江苏省,南通市,通州区,川姜镇,志南村,江苏省志南村,119.7889248,33.1401715
江苏省,南通市,通州区,金沙镇,新村,江苏省新村,118.5980993,31.8456106
江苏省,南通市,通州区,张芝山镇,塘坊村,江苏省塘坊村,117.259684,34.177115
江苏省,苏州市,常熟市,古里镇,新桥村,江苏省新桥村,120.808844,31.638948
江苏省,苏州市,常熟市,海虞镇,福山村,江苏省福山村,120.763507,31.800333
江苏省,苏州市,常熟市,梅李镇,赵市村,江苏省赵市村,120.845155,31.737341
江苏省,苏州市,常熟市,沙家浜镇,常昆村,江苏省常昆村,120.840875,31.546411
江苏省,苏州市,常熟市,尚湖镇,蒋巷镇村,江苏省蒋巷镇村,120.674243,31.63913
江苏省,苏州市,常熟市,尚湖镇,颜巷村,江苏省颜巷村,120.690938,31.620997
江苏省,苏州市,常熟市,尚湖镇,鸳鸯桥村,江苏省鸳鸯桥村,120.676941,31.610539
江苏省,苏州市,常熟市,虞山镇,安定村,江苏省安定村,120.732697,31.617362
江苏省,苏州市,常熟市,虞山镇,大兴村,江苏省大兴村,118.91013,34.686164
江苏省,苏州市,常熟市,虞山镇,甸桥村,江苏省甸桥村,120.727159,31.644369
江苏省,苏州市,常熟市,虞山镇,甸头新村,江苏省甸头新村,119.7889248,33.1401715
江苏省,苏州市,常熟市,虞山镇,湖鹤新村,江苏省湖鹤新村,120.717208,31.581991
江苏省,苏州市,常熟市,虞山镇,湖泾村,江苏省湖泾村,120.744619,31.622828
江苏省,苏州市,常熟市,虞山镇,花溪村,江苏省花溪村,120.761266,31.62597
江苏省,苏州市,常熟市,虞山镇,建华村,江苏省建华村,118.598359,32.188603
江苏省,苏州市,常熟市,虞山镇,蒋家村,江苏省蒋家村,120.702093,31.830866
江苏省,苏州市,常熟市,虞山镇,青莲村,江苏省青莲村,120.747916,31.621185
江苏省,苏州市,常熟市,虞山镇,三塘村,江苏省三塘村,120.477896,32.547711
江苏省,苏州市,常熟市,虞山镇,商城新村,江苏省商城新村,120.74906,31.617769
江苏省,苏州市,常熟市,虞山镇,言里村,江苏省言里村,120.72547900000001,31.591727
江苏省,苏州市,常熟市,虞山镇,姚家村,江苏省姚家村,119.278902,32.006023
江苏省,苏州市,常熟市,虞山镇,元和村,江苏省元和村,120.728798,31.633286
江苏省,苏州市,昆山市,巴城镇,阳澄湖村,江苏省阳澄湖村,120.849505,31.382796
江苏省,苏州市,昆山市,巴城镇,正仪村,江苏省正仪村,120.859227,31.367817
江苏省,苏州市,昆山市,陆家镇,合丰村,江苏省合丰村,121.007377,31.339749
江苏省,苏州市,昆山市,陆家镇,邵村,江苏省邵村,119.059114,33.319847
江苏省,苏州市,昆山市,千灯镇,大唐村,江苏省大唐村,121.001378,31.249228
江苏省,苏州市,昆山市,千灯镇,石浦村,江苏省石浦村,121.055177,31.256131
江苏省,苏州市,昆山市,张浦镇,大市村,江苏省大市村,120.924092,31.23402
江苏省,苏州市,太仓市,浮桥镇,时思村,江苏省时思村,121.161104,31.632979
江苏省,苏州市,太仓市,浏河镇,新塘村,江苏省新塘村,121.203318,31.524855
江苏省,苏州市,太仓市,沙溪镇,泰西村,江苏省泰西村,121.031659,31.55598
江苏省,苏州市,太仓市,双凤镇,新湖村,江苏省新湖村,118.315819,34.251683
江苏省,苏州市,吴中区,临湖镇,浦庄村,江苏省浦庄村,NA,NA
江苏省,苏州市,相城区,北桥街道,灵峰村,江苏省灵峰村,120.619444,31.543763
江苏省,苏州市,相城区,北桥街道,庄基村,江苏省庄基村,120.636026,31.490959
江苏省,苏州市,相城区,黄桥街道,张庄村,江苏省张庄村,117.083606,34.592548
江苏省,苏州市,相城区,太平街道,黎明村,江苏省黎明村,NA,NA
江苏省,苏州市,相城区,渭塘镇,渭西村,江苏省渭西村,120.628542,31.462261
江苏省,苏州市,相城区,阳澄湖镇,消泾村,江苏省消泾村,NA,NA
江苏省,苏州市,张家港市,金港镇,德积村,江苏省德积村,NA,NA
江苏省,苏州市,张家港市,金港镇,张家港村,江苏省张家港村,120.414173,31.958742
江苏省,苏州市,张家港市,锦丰镇,向阳村,江苏省向阳村,118.745687,32.011902
江苏省,苏州市,张家港市,南丰镇,永联村,江苏省永联村,120.742345,31.842748
江苏省,苏州市,张家港市,杨舍镇,东莱村,江苏省东莱村,120.61717,31.89104
江苏省,苏州市,张家港市,杨舍镇,福前村,江苏省福前村,120.551217,31.90544599999999
江苏省,泰州市,泰兴市,虹桥镇,七圩村,江苏省七圩村,120.0134,32.013774
江苏省,泰州市,泰兴市,黄桥镇,刘陈村,江苏省刘陈村,120.194998,32.177528
江苏省,泰州市,兴化市,戴南镇,董北村,江苏省董北村,120.115806,32.73836
江苏省,泰州市,兴化市,戴南镇,顾庄村,江苏省顾庄村,120.566427,32.353313
江苏省,泰州市,兴化市,张郭镇,蒋庄村,江苏省蒋庄村,119.851501,32.396072
江苏省,泰州市,兴化市,张郭镇,唐刘村,江苏省唐刘村,120.119453,33.296704
江苏省,无锡市,江阴市,华士镇,华西村,江苏省华西村,120.43482,31.830654
江苏省,无锡市,江阴市,璜土镇,石庄村,江苏省石庄村,120.519505,32.148792
江苏省,无锡市,江阴市,徐霞客镇,璜塘村,江苏省璜塘村,120.343774,31.753317
江苏省,无锡市,江阴市,徐霞客镇,马镇村,江苏省马镇村,120.338234,31.700157
江苏省,无锡市,江阴市,徐霞客镇,峭岐村,江苏省峭岐村,120.313177,31.80748
江苏省,无锡市,江阴市,云亭街道,云新村,江苏省云新村,120.354463,31.86105
江苏省,无锡市,江阴市,周庄镇,华宏村,江苏省华宏村,120.394942,31.85199
江苏省,无锡市,江阴市,周庄镇,倪家巷村,江苏省倪家巷村,120.389051,31.874228
江苏省,无锡市,江阴市,周庄镇,长寿村,江苏省长寿村,120.372837,31.81369
江苏省,无锡市,江阴市,周庄镇,宗言村,江苏省宗言村,120.40386,31.880403
江苏省,无锡市,江阴市,祝塘镇,文林村,江苏省文林村,120.402414,31.717102
江苏省,无锡市,宜兴市,丁蜀镇,川埠村,江苏省川埠村,119.821606,31.278861
江苏省,无锡市,宜兴市,丁蜀镇,紫砂村,江苏省紫砂村,119.848012,31.272066
江苏省,无锡市,宜兴市,高塍镇,范道村,江苏省范道村,119.749964,31.45209899999999
江苏省,宿迁市,沭阳县,庙头镇,东柳村,江苏省东柳村,118.717479,34.202663
江苏省,宿迁市,沭阳县,庙头镇,赶埠村,江苏省赶埠村,118.681577,34.244977
江苏省,宿迁市,沭阳县,庙头镇,古龙村,江苏省古龙村,118.700079,34.215957
江苏省,宿迁市,沭阳县,庙头镇,后窑村,江苏省后窑村,118.106307,33.215767
江苏省,宿迁市,沭阳县,庙头镇,聚贤村,江苏省聚贤村,118.700175,34.18268
江苏省,宿迁市,沭阳县,庙头镇,冷庄村,江苏省冷庄村,118.689861,34.208361
江苏省,宿迁市,沭阳县,庙头镇,冷庄社区,江苏省冷庄社区,118.694495,34.204017
江苏省,宿迁市,沭阳县,庙头镇,庙头社区,江苏省庙头社区,118.702133,34.202839
江苏省,宿迁市,沭阳县,新河镇,巴房村,江苏省巴房村,118.610926,34.195633
江苏省,宿迁市,沭阳县,新河镇,春生村,江苏省春生村,118.666503,34.207327
江苏省,宿迁市,沭阳县,新河镇,大营村,江苏省大营村,118.19171,34.336289
江苏省,宿迁市,沭阳县,新河镇,解桥村,江苏省解桥村,118.643248,34.195265
江苏省,宿迁市,沭阳县,新河镇,沙河村,江苏省沙河村,119.001763,31.666695
江苏省,宿迁市,沭阳县,新河镇,双荡村,江苏省双荡村,118.685797,34.157405
江苏省,宿迁市,沭阳县,新河镇,维新村,江苏省维新村,121.06352,31.4851
江苏省,宿迁市,沭阳县,新河镇,新槐村,江苏省新槐村,118.659576,34.181768
江苏省,宿迁市,沭阳县,新河镇,堰头村,江苏省堰头村,118.704834,34.158715
江苏省,宿迁市,沭阳县,新河镇,周圈村,江苏省周圈村,118.663738,34.164129
江苏省,宿迁市,沭阳县,颜集镇,大庄村,江苏省大庄村,118.799009,34.600424
江苏省,宿迁市,沭阳县,颜集镇,方圩村,江苏省方圩村,118.579474,34.153428
江苏省,宿迁市,沭阳县,颜集镇,房许村,江苏省房许村,118.514984,34.129173
江苏省,宿迁市,沭阳县,颜集镇,梁庄村,江苏省梁庄村,116.516943,34.788486
江苏省,宿迁市,沭阳县,颜集镇,沙湾村,江苏省沙湾村,119.855342,33.076897
江苏省,宿迁市,沭阳县,颜集镇,沙愚村,江苏省沙愚村,119.7889248,33.1401715
江苏省,宿迁市,沭阳县,颜集镇,司程圩村,江苏省司程圩村,118.603708,34.15926
江苏省,宿迁市,沭阳县,颜集镇,颜集村,江苏省颜集村,118.573155,34.150493
江苏省,宿迁市,沭阳县,颜集镇,堰下村,江苏省堰下村,118.647992,34.162677
江苏省,宿迁市,沭阳县,颜集镇,虞北村,江苏省虞北村,118.606405,34.175232
江苏省,宿迁市,沭阳县,颜集镇,虞潘村,江苏省虞潘村,119.788779,33.34143299999999
江苏省,宿迁市,沭阳县,颜集镇,周项村,江苏省周项村,118.594647,34.170152
江苏省,宿迁市,沭阳县,扎下镇,明庄村,江苏省明庄村,118.72616,34.1518
江苏省,宿迁市,泗洪县,临淮镇,洪胜村,江苏省洪胜村,118.400648,33.243197
江苏省,宿迁市,泗洪县,青阳镇,老庄村,江苏省老庄村,118.846148,34.328360000000004
江苏省,宿迁市,宿城区,埠子镇,蚕桑村,江苏省蚕桑村,118.263447,33.848496
江苏省,宿迁市,宿城区,蔡集镇,王庄村,江苏省王庄村,116.806618,34.535069
江苏省,宿迁市,宿城区,蔡集镇,徐洼村,江苏省徐洼村,118.142725,33.955283
江苏省,宿迁市,宿城区,蔡集镇,杨集村,江苏省杨集村,116.595368,34.536946
江苏省,宿迁市,宿城区,耿车镇,大同村,江苏省大同村,120.955183,31.33928199999999
江苏省,宿迁市,宿城区,耿车镇,大众村,江苏省大众村,120.881067,31.361295
江苏省,宿迁市,宿城区,耿车镇,耿车村,江苏省耿车村,118.187575,33.912363
江苏省,宿迁市,宿城区,耿车镇,红卫村,江苏省红卫村,118.080699,34.313435
江苏省,宿迁市,宿城区,耿车镇,湖稍村,江苏省湖稍村,118.171034,33.885396
江苏省,宿迁市,宿城区,耿车镇,刘圩村,江苏省刘圩村,118.18282,33.871484
江苏省,宿迁市,宿城区,耿车镇,三义村,江苏省三义村,120.19734,32.081672
江苏省,宿迁市,宿城区,耿车镇,五星村,江苏省五星村,120.166709,33.378416
江苏省,宿迁市,宿城区,耿车镇,新华村,江苏省新华村,119.64485,32.384515
江苏省,宿迁市,宿城区,王官集镇,九城村,江苏省九城村,118.093408,33.959443
江苏省,宿迁市,宿城区,王官集镇,仝李村,江苏省仝李村,118.121777,33.975046
江苏省,宿迁市,宿城区,王官集镇,王林村,江苏省王林村,117.213833,34.430423
江苏省,宿迁市,宿豫区,大兴镇,集东村,江苏省集东村,117.846918,33.981005
江苏省,徐州市,丰县,大沙河镇,李寨村,江苏省李寨村,116.643707,34.495526
江苏省,徐州市,沛县,五段镇,七段村,江苏省七段村,117.124561,34.559067
江苏省,徐州市,睢宁县,高作镇,曹庄社区,江苏省曹庄社区,120.561475,31.751506
江苏省,徐州市,睢宁县,高作镇,高北村,江苏省高北村,NA,NA
江苏省,徐州市,睢宁县,高作镇,高东村,江苏省高东村,NA,NA
江苏省,徐州市,睢宁县,高作镇,高南社区,江苏省高南社区,119.7889248,33.1401715
江苏省,徐州市,睢宁县,高作镇,官杨社区,江苏省官杨社区,117.8736167,33.7328311
江苏省,徐州市,睢宁县,高作镇,后刘村,江苏省后刘村,118.067238,33.914298
江苏省,徐州市,睢宁县,高作镇,金塘村,江苏省金塘村,118.073671,33.903314
江苏省,徐州市,睢宁县,高作镇,石墩村,江苏省石墩村,118.056334,33.876875
江苏省,徐州市,睢宁县,高作镇,滕庄社区,江苏省滕庄社区,120.256236,31.526808
江苏省,徐州市,睢宁县,高作镇,夏庙村,江苏省夏庙村,118.059701,33.890815
江苏省,徐州市,睢宁县,高作镇,张皮村,江苏省张皮村,119.873384,32.899452
江苏省,徐州市,睢宁县,凌城镇,城北村,江苏省城北村,120.5635007,32.4033359
江苏省,徐州市,睢宁县,凌城镇,杜沈村,江苏省杜沈村,118.149479,33.857008
江苏省,徐州市,睢宁县,凌城镇,凌城社区,江苏省凌城社区,118.1264683,33.8239324
江苏省,徐州市,睢宁县,凌城镇,民主社区,江苏省民主社区,119.816408,31.363873
江苏省,徐州市,睢宁县,凌城镇,张付村,江苏省张付村,118.0923349,33.8331844
江苏省,徐州市,睢宁县,邱集镇,倪庄村,江苏省倪庄村,119.436031,32.016849
江苏省,徐州市,睢宁县,邱集镇,仝海村,江苏省仝海村,NA,NA
江苏省,徐州市,睢宁县,邱集镇,王林社区,江苏省王林社区,NA,NA
江苏省,徐州市,睢宁县,沙集镇,蔡吴村,江苏省蔡吴村,118.121089,33.944079
江苏省,徐州市,睢宁县,沙集镇,大顾村,江苏省大顾村,NA,NA
江苏省,徐州市,睢宁县,沙集镇,丁陈村,江苏省丁陈村,118.093844,33.87946
江苏省,徐州市,睢宁县,沙集镇,东风村,江苏省东风村,118.152035,33.890225
江苏省,徐州市,睢宁县,沙集镇,和平社区,江苏省和平社区,117.1691007,34.270844
江苏省,徐州市,睢宁县,沙集镇,陆园村,江苏省陆园村,118.123378,33.932552
江苏省,徐州市,睢宁县,沙集镇,三丁村,江苏省三丁村,118.126904,33.871237
江苏省,徐州市,睢宁县,沙集镇,沙集社区,江苏省沙集社区,118.138871,33.896227
江苏省,徐州市,睢宁县,沙集镇,沙圩社区,江苏省沙圩社区,118.138161,33.883535
江苏省,徐州市,睢宁县,沙集镇,商湖村,江苏省商湖村,NA,NA
江苏省,徐州市,睢宁县,沙集镇,仝圩村,江苏省仝圩村,117.998269,33.941745
江苏省,徐州市,睢宁县,沙集镇,魏集村,江苏省魏集村,117.389844,34.230519
江苏省,徐州市,睢宁县,沙集镇,夏圩村,江苏省夏圩村,118.344746,33.718269
江苏省,徐州市,睢宁县,沙集镇,兴国村,江苏省兴国村,118.133259,33.921262
江苏省,徐州市,睢宁县,沙集镇,杨瓦村,江苏省杨瓦村,118.105491,33.878547
江苏省,徐州市,睢宁县,沙集镇,余圩村,江苏省余圩村,119.060071,33.893359
江苏省,徐州市,睢宁县,沙集镇,朱庙村,江苏省朱庙村,117.58413,34.27003699999999
江苏省,徐州市,睢宁县,睢城街道,八里社区,江苏省八里社区,117.21249,34.2975
江苏省,徐州市,睢宁县,睢城街道,东升社区,江苏省东升社区,119.504259,31.426656
江苏省,徐州市,睢宁县,睢城街道,三张社区,江苏省三张社区,120.299611,31.556865
江苏省,徐州市,睢宁县,睢城街道,周楼社区,江苏省周楼社区,118.0395172,34.5505696
江苏省,徐州市,新沂市,新安镇,新北村,江苏省新北村,120.440441,31.556366
江苏省,徐州市,新沂市,新安镇,新村,江苏省新村,118.5980993,31.8456106
江苏省,徐州市,新沂市,新安镇,新段村,江苏省新段村,118.309706,34.377078
江苏省,盐城市,东台市,五烈镇,广山村,江苏省广山村,120.190332,32.794048
江苏省,盐城市,亭湖区,南洋镇,青墩村,江苏省青墩村,118.997395,34.884713
江苏省,扬州市,广陵区,李典镇,新坝村,江苏省新坝村,120.397888,31.648499
江苏省,扬州市,邗江区,槐泗镇,酒甸村,江苏省酒甸村,119.445109,32.47853800000001
江苏省,扬州市,邗江区,西湖镇,金槐村,江苏省金槐村,119.379061,32.442804
江苏省,扬州市,仪征市,刘集镇,古井村,江苏省古井村,NA,NA
江苏省,镇江市,丹徒区,辛丰镇,黄墟村,江苏省黄墟村,119.515358,31.390053
江苏省,镇江市,丹阳市,皇塘镇,蒋墅村,江苏省蒋墅村,NA,NA
江苏省,镇江市,丹阳市,吕城镇,运河村,江苏省运河村,119.7889248,33.1401715
江苏省,镇江市,丹阳市,云阳镇,横塘村,江苏省横塘村,120.152615,31.875545
江苏省,镇江市,丹阳市,云阳镇,花园村,江苏省花园村,120.075005,31.573676
江西省,赣州市,南康区,龙岭镇,龙岭村,江西省龙岭村,114.795666,25.715257
江西省,景德镇市,昌江区,新枫街道,三河村,江西省三河村,117.197509,29.304945
江西省,九江市,庐山市,横塘镇,红星村,江西省红星村,114.982425,25.860139
江西省,南昌市,进贤县,李渡镇,大道社区,江西省大道社区,115.9121054,28.6556013
辽宁省,鞍山市,海城市,西柳镇,东柳社区,辽宁省东柳社区,122.5290376,41.9436543
辽宁省,鞍山市,海城市,中小镇,岳家社区,辽宁省岳家社区,122.5290376,41.9436543
辽宁省,鞍山市,海城市,中小镇,中小社区,辽宁省中小社区,122.5700079,40.889096
辽宁省,鞍山市,海城市,中小镇,朱家洼村,辽宁省朱家洼村,121.810722,42.137777
宁夏回族自治区,银川市,贺兰县,习岗镇,德胜村,宁夏回族自治区德胜村,106.2985303,38.52592730000001
山东省,滨州市,博兴县,城东街道,鲍庄村,山东省鲍庄村,115.724652,36.548395
山东省,滨州市,博兴县,城东街道,顾家村,山东省顾家村,118.180061,37.168717
山东省,滨州市,博兴县,城东街道,贤城村,山东省贤城村,118.19598,37.164517
山东省,滨州市,博兴县,湖滨镇,柳白村,山东省柳白村,118.164633,37.090308
山东省,滨州市,博兴县,湖滨镇,柳舒村,山东省柳舒村,118.158831,37.08643
山东省,滨州市,博兴县,锦秋街道,安柴村,山东省安柴村,118.143994,37.072274
山东省,滨州市,博兴县,锦秋街道,东风村,山东省东风村,117.9249002,35.8939566
山东省,滨州市,博兴县,锦秋街道,段家村,山东省段家村,121.623645,37.015732
山东省,滨州市,博兴县,锦秋街道,傅桥村,山东省傅桥村,118.297349,34.659521
山东省,滨州市,博兴县,锦秋街道,孟桥村,山东省孟桥村,118.117504,37.10653
山东省,滨州市,博兴县,锦秋街道,南陈家村,山东省南陈家村,119.879341,36.63828
山东省,滨州市,博兴县,锦秋街道,南河东村,山东省南河东村,118.433603,36.765248
山东省,滨州市,博兴县,锦秋街道,湾头村,山东省湾头村,120.085579,36.852828
山东省,滨州市,博兴县,锦秋街道,王圈村,山东省王圈村,118.084561,37.106213
山东省,滨州市,博兴县,锦秋街道,魏家村,山东省魏家村,117.801312,37.468245
山东省,滨州市,博兴县,锦秋街道,院庄村,山东省院庄村,118.330655,35.865198
山东省,滨州市,博兴县,锦秋街道,周陈村,山东省周陈村,NA,NA
山东省,滨州市,博兴县,兴福镇,李韩村,山东省李韩村,118.23403,37.039433
山东省,滨州市,博兴县,兴福镇,南吴村,山东省南吴村,118.221674,37.010877
山东省,滨州市,博兴县,兴福镇,兴四村,山东省兴四村,118.242906,37.032511
山东省,滨州市,博兴县,兴福镇,赵马村,山东省赵马村,118.23245,37.002074
山东省,滨州市,博兴县,兴福镇,赵赵村,山东省赵赵村,118.232648,36.990227
山东省,德州市,宁津县,张大庄镇,刘庄村,山东省刘庄村,117.357095,34.696481
山东省,德州市,宁津县,张大庄镇,清明寺村,山东省清明寺村,116.81716,37.778112
山东省,德州市,宁津县,张大庄镇,双碓村,山东省双碓村,116.811307,37.78701
山东省,菏泽市,曹县,安才楼镇,安才楼村,山东省安才楼村,115.680372,34.700917
山东省,菏泽市,曹县,安才楼镇,火神台村,山东省火神台村,115.638487,34.676928
山东省,菏泽市,曹县,安才楼镇,霍庄村,山东省霍庄村,115.666002,34.695085
山东省,菏泽市,曹县,安才楼镇,王堂村,山东省王堂村,116.229263,35.072423
山东省,菏泽市,曹县,安才楼镇,卫楼村,山东省卫楼村,115.253712,35.363128
山东省,菏泽市,曹县,安才楼镇,榆林集村,山东省榆林集村,115.663379,34.682237
山东省,菏泽市,曹县,大集镇,北街村,山东省北街村,115.587117,36.061114
山东省,菏泽市,曹县,大集镇,曹海村,山东省曹海村,116.00394,35.236421
山东省,菏泽市,曹县,大集镇,常庙村,山东省常庙村,115.610933,34.70326
山东省,菏泽市,曹县,大集镇,陈河村,山东省陈河村,120.394704,36.390355
山东省,菏泽市,曹县,大集镇,大寺村,山东省大寺村,118.891572,35.53272200000001
山东省,菏泽市,曹县,大集镇,丁楼村,山东省丁楼村,116.245326,35.742783
山东省,菏泽市,曹县,大集镇,东北街村,山东省东北街村,120.135327,36.535384
山东省,菏泽市,曹县,大集镇,东街村,山东省东街村,118.191713,35.284619
山东省,菏泽市,曹县,大集镇,付海村,山东省付海村,115.643432,34.697817
山东省,菏泽市,曹县,大集镇,葛楼村,山东省葛楼村,115.39364,35.805102
山东省,菏泽市,曹县,大集镇,胡楼村,山东省胡楼村,NA,NA
山东省,菏泽市,曹县,大集镇,胡庄村,山东省胡庄村,116.435823,36.240772
山东省,菏泽市,曹县,大集镇,花王楼村,山东省花王楼村,115.618018,34.763284
山东省,菏泽市,曹县,大集镇,李八庄村,山东省李八庄村,117.440895,36.782477
山东省,菏泽市,曹县,大集镇,李楼村,山东省李楼村,116.012067,35.872915
山东省,菏泽市,曹县,大集镇,刘楼村,山东省刘楼村,116.372543,35.735931
山东省,菏泽市,曹县,大集镇,南街村,山东省南街村,118.267756,34.753091
山东省,菏泽市,曹县,大集镇,任庄村,山东省任庄村,114.95681,35.17768100000001
山东省,菏泽市,曹县,大集镇,桑庄村,山东省桑庄村,116.805646,37.695168
山东省,菏泽市,曹县,大集镇,孙庄村,山东省孙庄村,NA,NA
山东省,菏泽市,曹县,大集镇,王庄村,山东省王庄村,115.448801,36.687448
山东省,菏泽市,曹县,大集镇,文昌阁村,山东省文昌阁村,115.648309,34.755773
山东省,菏泽市,曹县,大集镇,吴庄村,山东省吴庄村,118.279494,34.775608
山东省,菏泽市,曹县,大集镇,西街村,山东省西街村,117.631938,34.852544
山东省,菏泽市,曹县,大集镇,徐庄村,山东省徐庄村,NA,NA
山东省,菏泽市,曹县,大集镇,姚集村,山东省姚集村,NA,NA
山东省,菏泽市,曹县,大集镇,张庄村,山东省张庄村,117.9249002,35.8939566
山东省,菏泽市,曹县,梁堤头镇,梁东村,山东省梁东村,115.588465,34.653348
山东省,菏泽市,曹县,梁堤头镇,南柳村,山东省南柳村,122.326086,37.268176
山东省,菏泽市,曹县,梁堤头镇,夏庄村,山东省夏庄村,119.919941,36.572588
山东省,菏泽市,曹县,倪集镇,余楼村,山东省余楼村,115.451174,34.896808
山东省,菏泽市,曹县,普连集镇,钟口村,山东省钟口村,115.559361,34.912475
山东省,菏泽市,曹县,青菏街道,东常寨,山东省东常寨,115.648975,34.683952
山东省,菏泽市,曹县,青菏街道,隆华店村,山东省隆华店村,115.560541,34.902271
山东省,菏泽市,曹县,青菏街道,田油坊村,山东省田油坊村,115.567492,34.893009
山东省,菏泽市,曹县,阎店楼镇,刘集村,山东省刘集村,116.943974,37.722983
山东省,菏泽市,曹县,阎店楼镇,阎店楼村,山东省阎店楼村,NA,NA
山东省,菏泽市,曹县,阎店楼镇,杨双庙村,山东省杨双庙村,115.593126,34.700544
山东省,菏泽市,曹县,朱洪庙乡,文庄村,山东省文庄村,116.956826,36.591538
山东省,菏泽市,曹县,庄寨镇,丁寨村,山东省丁寨村,115.17747,35.183212
山东省,菏泽市,曹县,庄寨镇,冯寨村,山东省冯寨村,115.156407,34.996917
山东省,菏泽市,曹县,庄寨镇,邹庄村,山东省邹庄村,117.087844,35.402472
山东省,菏泽市,成武县,九女集镇,东张楼村,山东省东张楼村,116.29818,35.552968
山东省,菏泽市,成武县,永昌街道,大黄楼村,山东省大黄楼村,118.351229,34.59423
山东省,菏泽市,成武县,永昌街道,刘坊村,山东省刘坊村,117.829027,37.253472
山东省,菏泽市,单县,北城街道,广圣殿村,山东省广圣殿村,117.9249002,35.8939566
山东省,菏泽市,单县,谢集乡,南王庄村,山东省南王庄村,118.620786,35.70555
山东省,菏泽市,单县,园艺街道,张知楼村,山东省张知楼村,116.099758,34.77243
山东省,菏泽市,定陶区,张湾镇,湾子张村,山东省湾子张村,115.36548,35.062421
山东省,菏泽市,高新区,吕陵镇,李庄村,山东省李庄村,117.9249002,35.8939566
山东省,菏泽市,巨野县,独山镇,姚楼村,山东省姚楼村,115.91382,36.863617
山东省,菏泽市,鄄城县,大埝镇,家斜李村,山东省家斜李村,120.4246224,36.1588337
山东省,菏泽市,牡丹区,马岭岗镇,万乾村,山东省万乾村,115.382773,35.201711
山东省,菏泽市,郓城县,南赵楼镇,南赵楼村,山东省南赵楼村,115.922881,35.399781
山东省,菏泽市,郓城县,唐塔街道,西代庄村,山东省西代庄村,115.903889,35.613357
山东省,临沂市,费县,上冶镇,水湖村,山东省水湖村,117.921632,35.36108
山东省,临沂市,兰山区,兰山街道,八里屯村,山东省八里屯村,118.446549,34.883875
山东省,临沂市,临沭县,青云镇,白旄西居,山东省白旄西居,118.595252,35.011099
山东省,临沂市,临沭县,青云镇,东朱崔村,山东省东朱崔村,120.424783,37.06544
山东省,临沂市,临沭县,青云镇,金柳村,山东省金柳村,117.9249002,35.8939566
山东省,青岛市,即墨市,移风店镇,大欧村,山东省大欧村,120.189507,36.45608
山东省,青岛市,即墨市,移风店镇,七级东南村,山东省七级东南村,120.232426,36.485021
山东省,青岛市,胶州市,三里河街道,花园村,山东省花园村,117.519177,35.63843300000001
山东省,青岛市,平度市,新河镇,灰埠村,山东省灰埠村,119.711895,36.994409
山东省,日照市,莒县,阎庄镇,渚汀村,山东省渚汀村,118.837186,35.696663
山东省,泰安市,东平县,彭集街道,后亭村,山东省后亭村,117.9249002,35.8939566
山东省,泰安市,肥城市,边院镇,徐庙村,山东省徐庙村,116.930041,37.097368
山东省,泰安市,肥城市,石横镇,旅店村,山东省旅店村,116.598362,36.151355
山东省,泰安市,肥城市,新城街道,东尚里村,山东省东尚里村,116.732294,36.158513
山东省,泰安市,肥城市,新城街道,沙沟村,山东省沙沟村,120.419878,37.61307
山东省,泰安市,肥城市,新城街道,西尚里村,山东省西尚里村,116.726262,36.158618
山东省,泰安市,肥城市,仪阳街道,刘台村,山东省刘台村,117.276654,37.15434
山东省,泰安市,新泰市,青云街道,西西周南村,山东省西西周南村,117.728753,35.927857
山东省,威海市,环翠区,张村镇,张村,山东省张村,122.038172,37.483087
山东省,潍坊市,高密市,经济开发区,张鲁寺村,山东省张鲁寺村,119.87962,36.389924
山东省,烟台市,龙口市,东江街道,南山村,山东省南山村,119.294434,35.498338
山东省,烟台市,栖霞市,蛇窝泊镇,荷叶村,山东省荷叶村,120.883111,37.138302
四川省,成都市,郫县,安靖镇,林湾村,四川省林湾村,103.994972,30.757716
四川省,成都市,郫县,安靖镇,土地村,四川省土地村,104.032046,30.755492
四川省,成都市,郫县,安靖镇,雍渡村,四川省雍渡村,104.031055,30.749377
天津,天津市,北辰区,小淀镇,刘安庄村,天津刘安庄村,117.193402,39.241544
天津,天津市,静海区,蔡公庄镇,四党口中村,天津四党口中村,117.123569,38.758439
天津,天津市,静海区,子牙镇,潘庄子村,天津潘庄子村,117.395515,39.930082
天津,天津市,静海区,子牙镇,子牙村,天津子牙村,NA,NA
天津,天津市,武清区,王庆坨镇,一街村,天津一街村,116.941855,39.243861
云南省,大理白族自治州,鹤庆县,草海镇,新华村,云南省新华村,100.038385,26.533609
浙江省,杭州市,富阳市,富春街道,春华村,浙江省春华村,119.900033,30.043952
浙江省,杭州市,富阳市,富春街道,秋丰村,浙江省秋丰村,119.924255,30.047479
浙江省,杭州市,建德市,杨村桥镇,杨村,浙江省杨村,119.435819,29.565403
浙江省,杭州市,临安市,昌化镇,白牛村,浙江省白牛村,119.171442,30.181076
浙江省,杭州市,临安市,昌化镇,后营村,浙江省后营村,NA,NA
浙江省,杭州市,临安市,昌化镇,西街村,浙江省西街村,120.795013,29.447038
浙江省,杭州市,临安市,岛石镇,岛石村,浙江省岛石村,118.951622,30.289546
浙江省,杭州市,临安市,岛石镇,江川村,浙江省江川村,118.974236,30.28861
浙江省,杭州市,临安市,岛石镇,仁里村,浙江省仁里村,118.895181,30.288375
浙江省,杭州市,临安市,高虹镇,崇阳村,浙江省崇阳村,119.703918,30.287897
浙江省,杭州市,临安市,高虹镇,高乐村,浙江省高乐村,119.724111,30.317961
浙江省,杭州市,临安市,高虹镇,虹桥村,浙江省虹桥村,121.684364,29.944484
浙江省,杭州市,临安市,锦北街道,平山村,浙江省平山村,119.726376,30.263077
浙江省,杭州市,临安市,龙岗镇,无他村,浙江省无他村,119.07811,30.153637
浙江省,杭州市,临安市,龙岗镇,新溪新村,浙江省新溪新村,119.078506,30.165736
浙江省,杭州市,临安市,龙岗镇,兴龙村,浙江省兴龙村,119.140115,30.164312
浙江省,杭州市,临安市,清凉峰镇,湖门村,浙江省湖门村,120.047737,29.395591
浙江省,杭州市,临安市,清凉峰镇,马啸村,浙江省马啸村,118.957226,30.161973
浙江省,杭州市,临安市,清凉峰镇,新都村,浙江省新都村,NA,NA
浙江省,杭州市,临安市,清凉峰镇,玉屏村,浙江省玉屏村,NA,NA
浙江省,杭州市,临安市,天目山镇,对石村,浙江省对石村,119.448331,30.186948
浙江省,杭州市,临安市,天目山镇,周云村,浙江省周云村,120.5833232,27.7894184
浙江省,杭州市,临安市,於潜镇,下埠村,浙江省下埠村,120.66162,27.752648
浙江省,杭州市,临安市,於潜镇,杨洪村,浙江省杨洪村,NA,NA
浙江省,杭州市,临安市,於潜镇,自由村,浙江省自由村,119.399178,30.187117
浙江省,杭州市,桐庐县,分水镇,东溪村,浙江省东溪村,121.857482,29.339164
浙江省,杭州市,桐庐县,横村镇,方埠村,浙江省方埠村,119.613436,29.862952
浙江省,杭州市,桐庐县,横村镇,横村,浙江省横村,NA,NA
浙江省,杭州市,西湖区,西湖街道,梅家坞村,浙江省梅家坞村,120.086899,30.202623
浙江省,杭州市,萧山区,瓜沥镇,永联村,浙江省永联村,120.477118,30.178807
浙江省,杭州市,萧山区,南阳街道,横蓬村,浙江省横蓬村,120.454919,30.260917
浙江省,杭州市,萧山区,宁围镇,二桥村,浙江省二桥村,120.29448,30.23547099999999
浙江省,杭州市,萧山区,宁围镇,丰北村,浙江省丰北村,120.255649,30.230771
浙江省,杭州市,萧山区,宁围镇,宁牧村,浙江省宁牧村,120.285548,30.219581
浙江省,杭州市,萧山区,宁围镇,宁新村,浙江省宁新村,120.292812,30.222376
浙江省,杭州市,萧山区,宁围镇,顺坝村,浙江省顺坝村,120.294009,30.268749
浙江省,杭州市,萧山区,宁围镇,新安村,浙江省新安村,120.321599,30.414009
浙江省,杭州市,萧山区,宁围镇,新华村,浙江省新华村,NA,NA
浙江省,杭州市,萧山区,宁围镇,盈二村,浙江省盈二村,120.268957,30.24626
浙江省,杭州市,萧山区,闻堰镇,黄山村,浙江省黄山村,120.163281,30.135773
浙江省,杭州市,萧山区,闻堰镇,山河村,浙江省山河村,NA,NA
浙江省,杭州市,萧山区,闻堰镇,长安村,浙江省长安村,120.174775,30.147678
浙江省,杭州市,萧山区,新街镇,盛乐村,浙江省盛乐村,120.308835,30.213314
浙江省,杭州市,萧山区,新街镇,同兴村,浙江省同兴村,121.065163,27.848316
浙江省,杭州市,萧山区,新街镇,新盛村,浙江省新盛村,120.304577,30.203563
浙江省,杭州市,萧山区,新街镇,元沙村,浙江省元沙村,120.35851,30.177633
浙江省,杭州市,萧山区,益农镇,众力村,浙江省众力村,120.553428,30.171573
浙江省,杭州市,余杭区,良渚街道,勾庄村,浙江省勾庄村,120.084277,30.348907
浙江省,杭州市,余杭区,良渚街道,行宫塘村,浙江省行宫塘村,NA,NA
浙江省,杭州市,余杭区,良渚街道,南庄兜村,浙江省南庄兜村,120.119166,30.384472
浙江省,杭州市,余杭区,良渚街道,西塘河村,浙江省西塘河村,120.891293,30.938787
浙江省,杭州市,余杭区,良渚街道,运河村,浙江省运河村,119.7889248,29.1416432
浙江省,杭州市,余杭区,瓶窑镇,凤都村,浙江省凤都村,NA,NA
浙江省,杭州市,余杭区,乔司街道,朝阳村,浙江省朝阳村,120.895513,28.061375
浙江省,杭州市,余杭区,乔司街道,方桥村,浙江省方桥村,121.454806,29.766316
浙江省,杭州市,余杭区,乔司街道,葛家车村,浙江省葛家车村,120.260603,30.349924
浙江省,杭州市,余杭区,乔司街道,和睦桥村,浙江省和睦桥村,NA,NA
浙江省,杭州市,余杭区,乔司街道,良熟村,浙江省良熟村,120.277418,30.381631
浙江省,杭州市,余杭区,乔司街道,三角村,浙江省三角村,120.284321,30.33095399999999
浙江省,杭州市,余杭区,乔司街道,吴家村,浙江省吴家村,121.097572,28.72503399999999
浙江省,杭州市,余杭区,乔司街道,五星村,浙江省五星村,121.172464,30.103873
浙江省,杭州市,余杭区,乔司街道,永和村,浙江省永和村,120.032092,29.243332
浙江省,杭州市,余杭区,乔司街道,永西村,浙江省永西村,120.273111,30.364795
浙江省,杭州市,余杭区,仁和街道,云会村,浙江省云会村,120.094146,30.41685
浙江省,杭州市,余杭区,运河街道,兴旺村,浙江省兴旺村,120.299502,30.474722
浙江省,湖州市,安吉县,递铺镇,万亩村,浙江省万亩村,119.649344,30.636576
浙江省,湖州市,安吉县,杭垓镇,松坑村,浙江省松坑村,119.350089,27.622134
浙江省,湖州市,安吉县,梅溪镇,晓墅村,浙江省晓墅村,119.780374,30.782218
浙江省,湖州市,安吉县,天荒坪镇,白水湾村,浙江省白水湾村,119.648619,30.566972
浙江省,湖州市,吴兴区,八里店镇,前村,浙江省前村,120.965496,28.03814
浙江省,湖州市,吴兴区,八里店镇,西山村,浙江省西山村,120.044973,27.651727
浙江省,湖州市,吴兴区,织里镇,大港村,浙江省大港村,120.858411,28.024915
浙江省,湖州市,吴兴区,织里镇,大河村,浙江省大河村,120.238283,30.861968
浙江省,湖州市,吴兴区,织里镇,河西村,浙江省河西村,NA,NA
浙江省,湖州市,吴兴区,织里镇,凌家汇村,浙江省凌家汇村,120.243221,30.884981
浙江省,湖州市,吴兴区,织里镇,秦家港村,浙江省秦家港村,NA,NA
浙江省,湖州市,吴兴区,织里镇,轧村,浙江省轧村,120.316043,30.877529
浙江省,湖州市,长兴县,太湖街道,杨湾村,浙江省杨湾村,119.698672,30.939397
浙江省,嘉兴市,海宁市,马桥街道,柏士村,浙江省柏士村,120.666009,30.466006
浙江省,嘉兴市,海宁市,马桥街道,先锋村,浙江省先锋村,121.756324,29.877727
浙江省,嘉兴市,海宁市,斜桥镇,华丰村,浙江省华丰村,120.629121,30.487912
浙江省,嘉兴市,海宁市,斜桥镇,庆云村,浙江省庆云村,120.614563,30.484567
浙江省,嘉兴市,海宁市,斜桥镇,三联村,浙江省三联村,121.297955,28.228257
浙江省,嘉兴市,海宁市,许村镇,前进村,浙江省前进村,121.71722,29.935356
浙江省,嘉兴市,海宁市,许村镇,许巷村,浙江省许巷村,120.339958,30.388038
浙江省,嘉兴市,海宁市,许村镇,永福村,浙江省永福村,120.800473,27.87736
浙江省,嘉兴市,海宁市,盐官镇,丰士村,浙江省丰士村,120.590161,30.438673
浙江省,嘉兴市,海宁市,盐官镇,郭店村,浙江省郭店村,120.548314,30.467492
浙江省,嘉兴市,海宁市,袁花镇,谈桥村,浙江省谈桥村,120.763917,30.45013999999999
浙江省,嘉兴市,海宁市,长安镇,老庄村,浙江省老庄村,120.445085,30.431777
浙江省,嘉兴市,海宁市,长安镇,盐仓村,浙江省盐仓村,120.426337,30.393734
浙江省,嘉兴市,海盐县,百步镇,横港村,浙江省横港村,120.51526,30.706625
浙江省,嘉兴市,海盐县,百步镇,五丰村,浙江省五丰村,120.057834,29.506479
浙江省,嘉兴市,海盐县,澉浦镇,六里村,浙江省六里村,120.853985,30.403725
浙江省,嘉兴市,嘉善县,西塘镇,大舜村,浙江省大舜村,120.894766,30.966093
浙江省,嘉兴市,平湖市,当湖街道,庆丰新村,浙江省庆丰新村,120.126148,30.270194
浙江省,嘉兴市,平湖市,当湖街道,三港村,浙江省三港村,119.643206,28.558417
浙江省,嘉兴市,平湖市,独山港镇,周圩村,浙江省周圩村,121.107049,30.724378
浙江省,嘉兴市,平湖市,广陈镇,前港村,浙江省前港村,121.080973,30.752896
浙江省,嘉兴市,平湖市,新埭镇,大齐塘村,浙江省大齐塘村,121.046301,30.775093
浙江省,嘉兴市,平湖市,新埭镇,鱼圻塘村,浙江省鱼圻塘村,121.106895,30.782257
浙江省,嘉兴市,桐乡市,崇福镇,城郊村,浙江省城郊村,121.293163,28.215176
浙江省,嘉兴市,桐乡市,崇福镇,东安村,浙江省东安村,120.30642,30.415739
浙江省,嘉兴市,桐乡市,崇福镇,上市村,浙江省上市村,120.409886,30.497246
浙江省,嘉兴市,桐乡市,濮院镇,红星新村,浙江省红星新村,119.567637,28.104001
浙江省,嘉兴市,桐乡市,濮院镇,宏苑新村,浙江省宏苑新村,119.7889248,29.1416432
浙江省,嘉兴市,桐乡市,濮院镇,会龙新村,浙江省会龙新村,119.7889248,29.1416432
浙江省,嘉兴市,桐乡市,濮院镇,金龙村,浙江省金龙村,118.697495,28.646674
浙江省,嘉兴市,桐乡市,濮院镇,联新村,浙江省联新村,120.876266,30.065307
浙江省,嘉兴市,桐乡市,濮院镇,新濮村,浙江省新濮村,120.619235,30.688847
浙江省,嘉兴市,桐乡市,濮院镇,新星村,浙江省新星村,120.091598,30.3221
浙江省,嘉兴市,桐乡市,濮院镇,兴乐新村,浙江省兴乐新村,120.691291,28.005531
浙江省,嘉兴市,桐乡市,濮院镇,叙星新村,浙江省叙星新村,119.7889248,29.1416432
浙江省,嘉兴市,桐乡市,濮院镇,永宏新村,浙江省永宏新村,120.550185,30.3041
浙江省,嘉兴市,桐乡市,濮院镇,永联村,浙江省永联村,120.477118,30.178807
浙江省,嘉兴市,桐乡市,濮院镇,永越村,浙江省永越村,120.626225,30.660081
浙江省,嘉兴市,桐乡市,石门镇,羔羊村,浙江省羔羊村,120.424766,30.584646
浙江省,嘉兴市,桐乡市,洲泉镇,青石村,浙江省青石村,120.392812,30.57859
浙江省,嘉兴市,桐乡市,洲泉镇,义马村,浙江省义马村,120.32652,30.545445
浙江省,嘉兴市,秀洲区,洪合镇,良三村,浙江省良三村,120.630994,30.700941
浙江省,金华市,东阳市,歌山镇,西宅村,浙江省西宅村,119.586166,29.136934
浙江省,金华市,东阳市,南马镇,东湖村,浙江省东湖村,120.436836,30.147606
浙江省,金华市,东阳市,南马镇,防军村,浙江省防军村,120.253611,29.063471
浙江省,金华市,东阳市,南马镇,花园村,浙江省花园村,120.214161,29.12267
浙江省,金华市,东阳市,南马镇,南湖村,浙江省南湖村,120.25448,29.044888
浙江省,金华市,金东区,孝顺镇,低田村,浙江省低田村,119.927568,29.177418
浙江省,金华市,兰溪市,梅江镇,墩头村,浙江省墩头村,NA,NA
浙江省,金华市,浦江县,浦南街道,潘宅村,浙江省潘宅村,120.475525,27.997682
浙江省,金华市,浦江县,浦南街道,石埠头村,浙江省石埠头村,120.459337,28.181141
浙江省,金华市,武义县,白洋街道,牛背金村,浙江省牛背金村,119.871911,28.921053
浙江省,金华市,武义县,桐琴镇,东干村,浙江省东干村,121.094133,30.170046
浙江省,金华市,武义县,桐琴镇,东山村,浙江省东山村,120.915512,28.88823799999999
浙江省,金华市,武义县,桐琴镇,楼王村,浙江省楼王村,119.935088,28.857352
浙江省,金华市,婺城区,苏孟乡,江家村,浙江省江家村,120.950031,30.78856699999999
浙江省,金华市,义乌市,城西街道,夏演村,浙江省夏演村,119.970978,29.296602
浙江省,金华市,义乌市,城西街道,益公山村,浙江省益公山村,NA,NA
浙江省,金华市,义乌市,稠城街道,东前王村,浙江省东前王村,120.120389,29.327645
浙江省,金华市,义乌市,稠城街道,荷叶塘村,浙江省荷叶塘村,120.11315,29.37083
浙江省,金华市,义乌市,稠城街道,江北下朱村,浙江省江北下朱村,120.129756,29.327963
浙江省,金华市,义乌市,稠城街道,楼西塘村,浙江省楼西塘村,120.12377,29.336457
浙江省,金华市,义乌市,稠城街道,屋基村,浙江省屋基村,120.10696,29.360457
浙江省,金华市,义乌市,稠城街道,下骆宅村,浙江省下骆宅村,120.14295,29.330228
浙江省,金华市,义乌市,稠城街道,下西陶村,浙江省下西陶村,120.122261,29.373904
浙江省,金华市,义乌市,稠江街道,贝村,浙江省贝村,119.943807,29.265855
浙江省,金华市,义乌市,稠江街道,后申塘村,浙江省后申塘村,120.024435,29.27971299999999
浙江省,金华市,义乌市,稠江街道,江湾村,浙江省江湾村,120.424533,27.594478
浙江省,金华市,义乌市,稠江街道,龙回村,浙江省龙回村,120.021188,29.291571
浙江省,金华市,义乌市,稠江街道,楼下村,浙江省楼下村,120.056851,29.283797
浙江省,金华市,义乌市,稠江街道,新村,浙江省新村,120.102033,30.276641
浙江省,金华市,义乌市,稠江街道,新屋村,浙江省新屋村,120.035457,29.272533
浙江省,金华市,义乌市,稠江街道,杨村,浙江省杨村,119.435819,29.565403
浙江省,金华市,义乌市,佛堂镇,王新村,浙江省王新村,120.059332,29.187352
浙江省,金华市,义乌市,后宅街道,何界村,浙江省何界村,120.043992,29.372872
浙江省,金华市,义乌市,后宅街道,溪坦村,浙江省溪坦村,NA,NA
浙江省,金华市,义乌市,后宅街道,下畈村,浙江省下畈村,NA,NA
浙江省,金华市,义乌市,后宅街道,下余山村,浙江省下余山村,120.04351,29.397787
浙江省,金华市,义乌市,后宅街道,叶宅村,浙江省叶宅村,120.630431,27.898732
浙江省,金华市,义乌市,江东街道,赤塘村,浙江省赤塘村,120.101655,29.28656299999999
浙江省,金华市,义乌市,江东街道,大湖头村,浙江省大湖头村,120.156424,29.320445
浙江省,金华市,义乌市,江东街道,大元村,浙江省大元村,120.143764,29.292801
浙江省,金华市,义乌市,江东街道,东山头村,浙江省东山头村,121.394409,28.633059
浙江省,金华市,义乌市,江东街道,东新屋村,浙江省东新屋村,120.137457,29.308483
浙江省,金华市,义乌市,江东街道,樊村,浙江省樊村,120.093017,29.295794
浙江省,金华市,义乌市,江东街道,龚大塘村,浙江省龚大塘村,120.084189,29.289816
浙江省,金华市,义乌市,江东街道,后成村,浙江省后成村,120.077119,29.288457
浙江省,金华市,义乌市,江东街道,候儿村,浙江省候儿村,120.143043,29.304879
浙江省,金华市,义乌市,江东街道,江南村,浙江省江南村,121.589617,29.889964
浙江省,金华市,义乌市,江东街道,金村,浙江省金村,120.455729,28.186733
浙江省,金华市,义乌市,江东街道,九联村,浙江省九联村,120.058266,29.269668
浙江省,金华市,义乌市,江东街道,孔村,浙江省孔村,120.070845,29.26825699999999
浙江省,金华市,义乌市,江东街道,梅湖村,浙江省梅湖村,121.23317,30.110056
浙江省,金华市,义乌市,江东街道,鲇溪村,浙江省鲇溪村,120.099042,29.30366
浙江省,金华市,义乌市,江东街道,前成村,浙江省前成村,120.079347,29.28220499999999
浙江省,金华市,义乌市,江东街道,青口村,浙江省青口村,120.129329,29.31033
浙江省,金华市,义乌市,江东街道,青岩傅村,浙江省青岩傅村,120.088544,29.265273
浙江省,金华市,义乌市,江东街道,青岩刘村,浙江省青岩刘村,120.088263,29.284127
浙江省,金华市,义乌市,江东街道,山口村,浙江省山口村,120.321887,28.06753
浙江省,金华市,义乌市,江东街道,尚仁村,浙江省尚仁村,119.949372,28.937258
浙江省,金华市,义乌市,江东街道,石塔头村,浙江省石塔头村,120.147955,29.309092
浙江省,金华市,义乌市,江东街道,西陈村,浙江省西陈村,120.066682,29.26597899999999
浙江省,金华市,义乌市,江东街道,西谷村,浙江省西谷村,120.136648,29.300837
浙江省,金华市,义乌市,江东街道,下傅村,浙江省下傅村,119.64973,28.989883
浙江省,金华市,义乌市,江东街道,下湾村,浙江省下湾村,120.515252,27.513449
浙江省,金华市,义乌市,江东街道,下王村,浙江省下王村,121.669973,29.826696
浙江省,金华市,义乌市,江东街道,下朱村,浙江省下朱村,120.124865,29.315704
浙江省,金华市,义乌市,江东街道,永胜村,浙江省永胜村,120.109894,29.30635899999999
浙江省,金华市,义乌市,江东街道,宗塘村,浙江省宗塘村,120.104446,29.295803
浙江省,金华市,义乌市,廿三里街道,何宅村,浙江省何宅村,120.01101,29.288781
浙江省,金华市,义乌市,廿三里街道,石柱下村,浙江省石柱下村,121.553621,28.818665
浙江省,金华市,义乌市,廿三里街道,下朱宅村,浙江省下朱宅村,NA,NA
浙江省,金华市,义乌市,苏溪镇,里宅村,浙江省里宅村,119.505352,29.142451
浙江省,金华市,义乌市,苏溪镇,马丁村,浙江省马丁村,120.123507,29.399521
浙江省,金华市,义乌市,苏溪镇,齐山楼村,浙江省齐山楼村,120.144024,29.415891
浙江省,金华市,义乌市,苏溪镇,上西陶村,浙江省上西陶村,120.124393,29.384162
浙江省,金华市,义乌市,苏溪镇,新院村,浙江省新院村,120.134542,29.418801
浙江省,金华市,义乌市,苏溪镇,徐丰村,浙江省徐丰村,120.117414,29.395679
浙江省,金华市,义乌市,苏溪镇,阳光新村,浙江省阳光新村,119.928102,28.459065
浙江省,金华市,义乌市,苏溪镇,油碑塘村,浙江省油碑塘村,120.157515,29.371831
浙江省,金华市,义乌市,苏溪镇,长府村,浙江省长府村,120.129768,29.393923
浙江省,金华市,永康市,东城街道,大坟山沿村,浙江省大坟山沿村,120.085359,28.919547
浙江省,金华市,永康市,东城街道,大花园村,浙江省大花园村,120.327976,29.776608
浙江省,金华市,永康市,东城街道,黄城里村,浙江省黄城里村,120.063169,28.902155
浙江省,金华市,永康市,东城街道,黄棠村,浙江省黄棠村,120.062243,28.876088
浙江省,金华市,永康市,东城街道,十里牌村,浙江省十里牌村,120.101507,29.343192
浙江省,金华市,永康市,东城街道,小花园村,浙江省小花园村,120.057297,28.898022
浙江省,金华市,永康市,东城街道,长城村,浙江省长城村,119.927115,30.868346
浙江省,金华市,永康市,方岩镇,派溪村,浙江省派溪村,120.197313,28.945049
浙江省,金华市,永康市,江南街道,下楼村,浙江省下楼村,120.318549,29.067078
浙江省,金华市,永康市,石柱镇,下里溪村,浙江省下里溪村,120.089606,28.8555
浙江省,金华市,永康市,西城街道,小东陈村,浙江省小东陈村,119.99711,28.909882
浙江省,金华市,永康市,象珠镇,派溪吕村,浙江省派溪吕村,120.078177,28.969953
浙江省,金华市,永康市,芝英镇,柿后村,浙江省柿后村,120.141621,28.960625
浙江省,金华市,永康市,芝英镇,堰头村,浙江省堰头村,120.387032,30.648334
浙江省,金华市,永康市,芝英镇,应南溪村,浙江省应南溪村,120.130313,28.94546
浙江省,金华市,永康市,芝英镇,芝英二村,浙江省芝英二村,120.13647,28.93564
浙江省,丽水市,缙云县,东渡镇,东渡村,浙江省东渡村,120.059566,28.617032
浙江省,丽水市,缙云县,东渡镇,兰口村,浙江省兰口村,120.060804,28.606491
浙江省,丽水市,缙云县,壶镇镇,北山村,浙江省北山村,120.029328,28.070652
浙江省,丽水市,缙云县,新碧街道,黄碧街村,浙江省黄碧街村,120.0917226,28.7499367
浙江省,丽水市,缙云县,新建镇,笕川村,浙江省笕川村,120.046327,28.721385
浙江省,丽水市,景宁畲族自治县,红星街道,城北村,浙江省城北村,119.91317600000001,28.470053
浙江省,丽水市,景宁畲族自治县,红星街道,王金洋村,浙江省王金洋村,121.380607,28.654799
浙江省,丽水市,莲都区,紫金街道,水东村,浙江省水东村,119.95962,28.446193
浙江省,丽水市,龙泉市,安仁镇,黄石玄村,浙江省黄石玄村,119.7889248,29.1416432
浙江省,丽水市,龙泉市,剑池街道,南秦村,浙江省南秦村,119.120575,28.065578
浙江省,丽水市,龙泉市,龙渊街道,村头村,浙江省村头村,120.062982,27.788349
浙江省,丽水市,青田县,瓯南街道,水南村,浙江省水南村,120.274944,28.138965
浙江省,丽水市,青田县,祯埠乡,小群村,浙江省小群村,120.039939,28.315472
浙江省,丽水市,庆元县,松源街道,北门村,浙江省北门村,122.03792,29.848089
浙江省,丽水市,庆元县,松源镇,五一村,浙江省五一村,120.245598,29.197183
浙江省,丽水市,松阳县,大东坝镇,西山村,浙江省西山村,120.044973,27.651727
浙江省,丽水市,松阳县,古市镇,筏铺村,浙江省筏铺村,119.403074,28.524549
浙江省,丽水市,松阳县,西屏街道,北山村,浙江省北山村,120.029328,28.070652
浙江省,丽水市,云和县,白龙山街道,高胥村,浙江省高胥村,119.531635,28.079507
浙江省,丽水市,云和县,凤凰山街道,巧云村,浙江省巧云村,NA,NA
浙江省,宁波市,慈溪市,庵东镇,海南村,浙江省海南村,121.297605,30.289582
浙江省,宁波市,慈溪市,附海镇,东海村,浙江省东海村,120.791797,30.101546
浙江省,宁波市,慈溪市,附海镇,花塘村,浙江省花塘村,121.390725,30.228807
浙江省,宁波市,慈溪市,附海镇,四界村,浙江省四界村,121.381692,30.212392
浙江省,宁波市,慈溪市,观海卫镇,大岐山村,浙江省大岐山村,121.465803,30.16199199999999
浙江省,宁波市,慈溪市,观海卫镇,东山头村,浙江省东山头村,121.394409,28.633059
浙江省,宁波市,慈溪市,长河镇,沧田村,浙江省沧田村,121.195038,30.257439
浙江省,宁波市,慈溪市,掌起镇,陈家村,浙江省陈家村,119.963557,29.23369
浙江省,宁波市,慈溪市,掌起镇,厉家村,浙江省厉家村,121.447169,30.116464
浙江省,宁波市,慈溪市,周巷镇,云城村,浙江省云城村,121.159965,30.188339
浙江省,宁波市,象山县,丹西街道,白石村,浙江省白石村,119.573818,30.159904
浙江省,宁波市,鄞州区,高桥镇,秀丰村,浙江省秀丰村,121.478156,29.887043
浙江省,宁波市,鄞州区,高桥镇,长乐村,浙江省长乐村,NA,NA
浙江省,宁波市,鄞州区,古林镇,布政村,浙江省布政村,121.469466,29.838091
浙江省,宁波市,鄞州区,古林镇,陈横楼村,浙江省陈横楼村,121.492102,29.837674
浙江省,宁波市,鄞州区,古林镇,礼嘉桥村,浙江省礼嘉桥村,121.506007,29.850115
浙江省,宁波市,鄞州区,古林镇,藕池村,浙江省藕池村,121.502558,29.84032999999999
浙江省,宁波市,鄞州区,古林镇,薛家村,浙江省薛家村,121.494831,29.858598
浙江省,宁波市,鄞州区,姜山镇,周韩村,浙江省周韩村,121.500314,29.784485
浙江省,宁波市,余姚市,低塘街道,历山村,浙江省历山村,121.192836,30.168128
浙江省,宁波市,余姚市,低塘街道,芦城村,浙江省芦城村,NA,NA
浙江省,宁波市,余姚市,朗霞街道,新新村,浙江省新新村,NA,NA
浙江省,宁波市,余姚市,陆埠镇,江南村,浙江省江南村,121.589617,29.889964
浙江省,宁波市,余姚市,马渚镇,斗门村,浙江省斗门村,121.0824051,30.0529196
浙江省,宁波市,余姚市,丈亭镇,渔溪村,浙江省渔溪村,121.28688,30.030601
浙江省,宁波市,镇海区,庄市街道,光明村,浙江省光明村,121.635987,29.943283
浙江省,衢州市,常山县,紫港街道,富足山村,浙江省富足山村,118.545013,28.892731
浙江省,衢州市,江山市,贺村镇,淤头村,浙江省淤头村,NA,NA
浙江省,衢州市,江山市,清湖镇,新塘底村,浙江省新塘底村,118.593755,28.68907
浙江省,衢州市,柯城区,衢化街道,缸窑村,浙江省缸窑村,120.569626,28.304671
浙江省,衢州市,柯城区,万田乡,顺家路边村,浙江省顺家路边村,118.852517,29.007736
浙江省,衢州市,龙游县,龙洲街道,柳村村,浙江省柳村村,121.535909,29.24314
浙江省,衢州市,衢江区,廿里镇,廿里村,浙江省廿里村,118.835798,28.870548
浙江省,衢州市,衢江区,樟潭街道,沈家村,浙江省沈家村,121.637725,29.839627
浙江省,绍兴市,嵊州市,黄泽镇,湖头村,浙江省湖头村,121.438346,28.525512
浙江省,绍兴市,越城区,城南街道,九里村,浙江省九里村,120.59642,29.958421
浙江省,绍兴市,诸暨市,安华镇,双峰村,浙江省双峰村,120.121506,30.233303
浙江省,绍兴市,诸暨市,草塔镇,莼塘东村,浙江省莼塘东村,120.145371,29.68515
浙江省,绍兴市,诸暨市,草塔镇,杨家楼村,浙江省杨家楼村,119.7889248,29.1416432
浙江省,绍兴市,诸暨市,大唐镇,方田村,浙江省方田村,118.579918,29.242565
浙江省,绍兴市,诸暨市,大唐镇,金家站村,浙江省金家站村,120.388319,29.904227
浙江省,绍兴市,诸暨市,大唐镇,开元社区,浙江省开元社区,120.246249,30.136447
浙江省,绍兴市,诸暨市,大唐镇,路西村,浙江省路西村,120.292624,30.321
浙江省,绍兴市,诸暨市,大唐镇,轻纺城社区,浙江省轻纺城社区,120.4856375,30.0606705
浙江省,绍兴市,诸暨市,大唐镇,慎叶村,浙江省慎叶村,120.163825,29.703825
浙江省,绍兴市,诸暨市,大唐镇,中兴社区,浙江省中兴社区,121.590993,29.875202
浙江省,绍兴市,诸暨市,大唐镇,柱山村,浙江省柱山村,119.7889248,29.1416432
浙江省,绍兴市,诸暨市,店口镇,湄池村,浙江省湄池村,119.7889248,29.1416432
浙江省,绍兴市,诸暨市,暨阳街道,浦阳新村,浙江省浦阳新村,120.244667,29.746914
浙江省,绍兴市,诸暨市,暨阳街道,邱村,浙江省邱村,120.21326,29.672805
浙江省,绍兴市,诸暨市,江藻镇,江藻村,浙江省江藻村,120.307334,29.831643
浙江省,绍兴市,诸暨市,牌头镇,牌上村,浙江省牌上村,120.152851,29.60099
浙江省,绍兴市,诸暨市,牌头镇,牌头村,浙江省牌头村,120.152332,29.603956
浙江省,绍兴市,诸暨市,牌头镇,牌一村,浙江省牌一村,119.7889248,29.1416432
浙江省,绍兴市,诸暨市,阮市镇,阮家埠村,浙江省阮家埠村,120.392946,29.870858
浙江省,绍兴市,诸暨市,阮市镇,杨梅桥村,浙江省杨梅桥村,120.3954561,29.9057971
浙江省,绍兴市,诸暨市,山下湖镇,赐绯庙村,浙江省赐绯庙村,120.339209,29.827124
浙江省,绍兴市,诸暨市,山下湖镇,山下湖村,浙江省山下湖村,120.358281,29.852237
浙江省,绍兴市,诸暨市,山下湖镇,西杨龙村,浙江省西杨龙村,119.7889248,29.1416432
浙江省,绍兴市,诸暨市,陶朱街道,三都村,浙江省三都村,119.572358,29.53249
浙江省,绍兴市,诸暨市,王家井镇,淀荡畈村,浙江省淀荡畈村,120.2289503,29.6627943
浙江省,绍兴市,诸暨市,赵家镇,赵家新村,浙江省赵家新村,NA,NA
浙江省,绍兴市,诸暨市,直埠镇,直埠村,浙江省直埠村,120.250616,29.828633
浙江省,台州市,黄岩区,北城街道,后庄村,浙江省后庄村,121.233854,28.665215
浙江省,台州市,黄岩区,南城街道,十里铺村,浙江省十里铺村,118.366054,29.103139
浙江省,台州市,黄岩区,沙埠镇,唐山王村,浙江省唐山王村,121.173131,28.572707
浙江省,台州市,黄岩区,新前街道,前洋村,浙江省前洋村,121.441187,29.944414
浙江省,台州市,椒江区,洪家街道,后高桥村,浙江省后高桥村,121.40748,28.615491
浙江省,台州市,椒江区,洪家街道,上洋桥村,浙江省上洋桥村,121.390532,28.595718
浙江省,台州市,椒江区,洪家街道,兆桥村,浙江省兆桥村,121.394565,28.603193
浙江省,台州市,椒江区,三甲街道,石柱村,浙江省石柱村,119.41115,27.641708
浙江省,台州市,椒江区,章安街道,建设村,浙江省建设村,121.731336,29.925633
浙江省,台州市,临海市,杜桥镇,富沈村,浙江省富沈村,121.501106,28.748222
浙江省,台州市,临海市,杜桥镇,市场村,浙江省市场村,121.558797,28.758206
浙江省,台州市,临海市,杜桥镇,松中村,浙江省松中村,121.483421,28.748136
浙江省,台州市,临海市,杜桥镇,下八年村,浙江省下八年村,121.507068,28.751332
浙江省,台州市,临海市,桃渚镇,四岔村,浙江省四岔村,121.591864,28.82253
浙江省,台州市,路桥区,峰江街道,施家村,浙江省施家村,120.96381,29.698664
浙江省,台州市,路桥区,金清镇,卷桥村,浙江省卷桥村,121.483157,28.498
浙江省,台州市,路桥区,金清镇,下梁村,浙江省下梁村,121.467163,28.510003
浙江省,台州市,路桥区,螺洋街道,南山村,浙江省南山村,119.500179,28.413322
浙江省,台州市,三门县,海游街道,城北村,浙江省城北村,119.91317600000001,28.470053
浙江省,台州市,三门县,海游街道,湘山村,浙江省湘山村,121.360233,29.115315
浙江省,台州市,三门县,珠岙镇,东谢村,浙江省东谢村,121.229337,29.041646
浙江省,台州市,三门县,珠岙镇,下界溪村,浙江省下界溪村,121.221737,29.044016
浙江省,台州市,天台县,白鹤镇,澄村,浙江省澄村,121.326387,29.96661899999999
浙江省,台州市,天台县,白鹤镇,鹤栖新村,浙江省鹤栖新村,120.9370636,29.238756
浙江省,台州市,天台县,白鹤镇,上联新村,浙江省上联新村,120.934528,29.245471
浙江省,台州市,天台县,白鹤镇,石板路村,浙江省石板路村,120.716802,28.831189
浙江省,台州市,天台县,白鹤镇,左溪村,浙江省左溪村,119.780602,27.653263
浙江省,台州市,天台县,福溪街道,下王邱村,浙江省下王邱村,121.041606,29.114288
浙江省,台州市,天台县,三合镇,大横金村,浙江省大横金村,121.173898,29.098488
浙江省,台州市,天台县,三合镇,下坊村,浙江省下坊村,121.175776,29.074806
浙江省,台州市,天台县,三合镇,洋头村,浙江省洋头村,119.476321,27.564146
浙江省,台州市,天台县,始丰街道,西演茅村,浙江省西演茅村,121.005632,29.148158
浙江省,台州市,天台县,坦头镇,东陈村,浙江省东陈村,121.896116,29.409699
浙江省,台州市,天台县,坦头镇,东横下宅村,浙江省东横下宅村,NA,NA
浙江省,台州市,天台县,坦头镇,湖岸村,浙江省湖岸村,121.123102,29.106284
浙江省,台州市,天台县,坦头镇,黄务洋村,浙江省黄务洋村,121.122298,29.114434
浙江省,台州市,天台县,坦头镇,牌门村,浙江省牌门村,120.795213,29.20681
浙江省,台州市,天台县,坦头镇,瓶窑村,浙江省瓶窑村,119.97399,30.381017
浙江省,台州市,天台县,坦头镇,坦头村,浙江省坦头村,120.484231,28.17147
浙江省,台州市,天台县,坦头镇,五百村,浙江省五百村,121.135656,29.102949
浙江省,台州市,天台县,坦头镇,伍佰村,浙江省伍佰村,121.7497596,29.6157556
浙江省,台州市,天台县,坦头镇,溪南村,浙江省溪南村,119.542099,30.562442
浙江省,台州市,天台县,坦头镇,下李村,浙江省下李村,121.476802,28.378533
浙江省,台州市,天台县,坦头镇,岩下村,浙江省岩下村,119.362116,29.006463
浙江省,台州市,天台县,坦头镇,鱼山村,浙江省鱼山村,118.84051,28.620406
浙江省,台州市,天台县,坦头镇,长崔村,浙江省长崔村,121.140297,29.109443
浙江省,台州市,温岭市,城北街道,沧浦村,浙江省沧浦村,121.373209,28.452484
浙江省,台州市,温岭市,城北街道,东普村,浙江省东普村,121.36827,28.438289
浙江省,台州市,温岭市,城北街道,芳田村,浙江省芳田村,121.377233,28.444952
浙江省,台州市,温岭市,城北街道,后陈村,浙江省后陈村,119.82228,28.938247
浙江省,台州市,温岭市,城北街道,花桥村,浙江省花桥村,121.480856,28.921799
浙江省,台州市,温岭市,城北街道,九份村,浙江省九份村,121.369309,28.452586
浙江省,台州市,温岭市,城北街道,琅岙村,浙江省琅岙村,121.39509,28.451392
浙江省,台州市,温岭市,城北街道,六份村,浙江省六份村,121.404974,28.456483
浙江省,台州市,温岭市,城北街道,麻车村,浙江省麻车村,NA,NA
浙江省,台州市,温岭市,城北街道,南山闸村,浙江省南山闸村,NA,NA
浙江省,台州市,温岭市,城北街道,石粘村,浙江省石粘村,121.375543,28.439811
浙江省,台州市,温岭市,城北街道,杨家渭村,浙江省杨家渭村,121.370811,28.443091
浙江省,台州市,温岭市,城东街道,汇头王村,浙江省汇头王村,NA,NA
浙江省,台州市,温岭市,城东街道,楼山村,浙江省楼山村,121.389437,28.417605
浙江省,台州市,温岭市,城东街道,山南前村,浙江省山南前村,121.375656,28.423799
浙江省,台州市,温岭市,城东街道,洋河村,浙江省洋河村,119.819635,30.929038
浙江省,台州市,温岭市,大溪镇,利岙村,浙江省利岙村,121.324121,28.474964
浙江省,台州市,温岭市,大溪镇,麻车屿村,浙江省麻车屿村,121.274877,28.448621
浙江省,台州市,温岭市,大溪镇,潘郎村,浙江省潘郎村,121.3082,28.455289
浙江省,台州市,温岭市,大溪镇,山市村,浙江省山市村,121.297281,28.5061
浙江省,台州市,温岭市,大溪镇,田洋季村,浙江省田洋季村,121.31651,28.454354
浙江省,台州市,温岭市,大溪镇,下洋张村,浙江省下洋张村,121.33142,28.475999
浙江省,台州市,温岭市,横峰街道,东塘村,浙江省东塘村,121.353029,28.438665
浙江省,台州市,温岭市,横峰街道,东洋村,浙江省东洋村,121.358483,28.435574
浙江省,台州市,温岭市,横峰街道,汇川王村,浙江省汇川王村,121.336922,28.432234
浙江省,台州市,温岭市,横峰街道,七份岸村,浙江省七份岸村,121.360261,28.438261
浙江省,台州市,温岭市,横峰街道,前陈村,浙江省前陈村,120.593519,28.032668
浙江省,台州市,温岭市,横峰街道,石埭村,浙江省石埭村,NA,NA
浙江省,台州市,温岭市,横峰街道,西洋村,浙江省西洋村,121.344853,28.43902
浙江省,台州市,温岭市,横峰街道,下洋林村,浙江省下洋林村,121.350305,28.429909
浙江省,台州市,温岭市,横峰街道,祝家洋村,浙江省祝家洋村,121.349838,28.445498
浙江省,台州市,温岭市,横峰街道,祝洋村,浙江省祝洋村,121.350988,28.44394
浙江省,台州市,温岭市,新河镇,长屿村,浙江省长屿村,121.447904,28.4447
浙江省,台州市,温岭市,泽国镇,八份村,浙江省八份村,121.398598,28.543171
浙江省,台州市,温岭市,泽国镇,茶屿村,浙江省茶屿村,121.346607,28.498923
浙江省,台州市,温岭市,泽国镇,埭头蔡村,浙江省埭头蔡村,121.37237,28.464877
浙江省,台州市,温岭市,泽国镇,高坦村,浙江省高坦村,121.399858,28.460665
浙江省,台州市,温岭市,泽国镇,光明村,浙江省光明村,121.635987,29.943283
浙江省,台州市,温岭市,泽国镇,横泾村,浙江省横泾村,121.391678,28.477
浙江省,台州市,温岭市,泽国镇,横径村,浙江省横径村,121.519733,28.432927
浙江省,台州市,温岭市,泽国镇,洪家村,浙江省洪家村,121.380274,28.471151
浙江省,台州市,温岭市,泽国镇,夹屿村,浙江省夹屿村,121.388853,28.463737
浙江省,台州市,温岭市,泽国镇,金施村,浙江省金施村,121.378072,28.461867
浙江省,台州市,温岭市,泽国镇,联树村,浙江省联树村,121.400838,28.471113
浙江省,台州市,温岭市,泽国镇,楼下张村,浙江省楼下张村,121.384037,28.461056
浙江省,台州市,温岭市,泽国镇,马家村,浙江省马家村,120.780417,29.567373
浙江省,台州市,温岭市,泽国镇,牧南村,浙江省牧南村,121.350629,28.453649
浙江省,台州市,温岭市,泽国镇,牧西村,浙江省牧西村,121.347936,28.463169
浙江省,台州市,温岭市,泽国镇,牧屿村,浙江省牧屿村,121.3518,28.464318
浙江省,台州市,温岭市,泽国镇,沈桥村,浙江省沈桥村,121.361217,28.460412
浙江省,台州市,温岭市,泽国镇,双峰村,浙江省双峰村,120.121506,30.233303
浙江省,台州市,温岭市,泽国镇,五里泾村,浙江省五里泾村,121.339606,28.448955
浙江省,台州市,温岭市,泽国镇,樟皇村,浙江省樟皇村,121.384901,28.477714
浙江省,台州市,温岭市,泽国镇,长大村,浙江省长大村,121.500507,28.447885
浙江省,台州市,仙居县,下各镇,湖其园村,浙江省湖其园村,120.834073,28.862923
浙江省,台州市,仙居县,下各镇,黄梁陈村,浙江省黄梁陈村,120.845798,28.874269
浙江省,台州市,仙居县,下各镇,路南村,浙江省路南村,121.304152,30.236711
浙江省,台州市,仙居县,下各镇,西垟村,浙江省西垟村,120.146908,27.70443
浙江省,台州市,玉环县,楚门镇,胡新村,浙江省胡新村,121.282278,28.227984
浙江省,台州市,玉环县,楚门镇,吴家村,浙江省吴家村,NA,NA
浙江省,台州市,玉环县,芦浦镇,漩门村,浙江省漩门村,NA,NA
浙江省,温州市,苍南县,灵溪镇,坝头村,浙江省坝头村,120.373121,27.485762
浙江省,温州市,苍南县,灵溪镇,百丈村,浙江省百丈村,119.737646,30.513922
浙江省,温州市,苍南县,灵溪镇,东仓村,浙江省东仓村,120.413609,27.520972
浙江省,温州市,苍南县,灵溪镇,宫后陈村,浙江省宫后陈村,120.410308,27.515601
浙江省,温州市,苍南县,灵溪镇,上江村,浙江省上江村,120.728654,27.988927
浙江省,温州市,苍南县,灵溪镇,双益村,浙江省双益村,120.387612,27.514336
浙江省,温州市,苍南县,龙港镇,芦浦村,浙江省芦浦村,120.592282,27.506122
浙江省,温州市,苍南县,龙港镇,下埠村,浙江省下埠村,120.66162,27.752648
浙江省,温州市,苍南县,马站镇,霞关村,浙江省霞关村,120.469215,27.17201
浙江省,温州市,苍南县,宜山镇,芙蓉村,浙江省芙蓉村,120.734101,28.32979
浙江省,温州市,乐清市,北白象镇,白鹭屿村,浙江省白鹭屿村,120.805294,28.019786
浙江省,温州市,乐清市,北白象镇,三房村,浙江省三房村,120.789357,28.073623
浙江省,温州市,乐清市,虹桥镇,溪西村,浙江省溪西村,121.021772,28.250495
浙江省,温州市,乐清市,柳市镇,朝阳村,浙江省朝阳村,120.895513,28.061375
浙江省,温州市,乐清市,柳市镇,店后村,浙江省店后村,120.875056,28.065947
浙江省,温州市,乐清市,柳市镇,东村,浙江省东村,121.02542,28.249588
浙江省,温州市,乐清市,柳市镇,方斗岩村,浙江省方斗岩村,120.900486,28.064785
浙江省,温州市,乐清市,柳市镇,后街村,浙江省后街村,121.44297,28.489024
浙江省,温州市,乐清市,柳市镇,黄七甲村,浙江省黄七甲村,120.885613,28.042751
浙江省,温州市,乐清市,柳市镇,前西村,浙江省前西村,120.890701,28.030843
浙江省,温州市,乐清市,柳市镇,前西垟村,浙江省前西垟村,120.897101,28.052882
浙江省,温州市,乐清市,柳市镇,上池村,浙江省上池村,120.903175,28.036807
浙江省,温州市,乐清市,柳市镇,上五宅村,浙江省上五宅村,NA,NA
浙江省,温州市,乐清市,柳市镇,苏吕村,浙江省苏吕村,120.918474,28.059413
浙江省,温州市,乐清市,柳市镇,新光村,浙江省新光村,NA,NA
浙江省,温州市,乐清市,柳市镇,新民村,浙江省新民村,NA,NA
浙江省,温州市,乐清市,柳市镇,长春村,浙江省长春村,120.511611,30.471645
浙江省,温州市,乐清市,柳市镇,长虹村,浙江省长虹村,NA,NA
浙江省,温州市,乐清市,柳市镇,智广村,浙江省智广村,120.884287,28.053914
浙江省,温州市,乐清市,清江镇,南塘村,浙江省南塘村,121.725804,29.218688
浙江省,温州市,乐清市,石帆街道,朴湖二村,浙江省朴湖二村,121.026071,28.190887
浙江省,温州市,乐清市,翁垟街道,沙头村,浙江省沙头村,120.985585,28.046098
浙江省,温州市,乐清市,雁荡镇,白溪街村,浙江省白溪街村,121.147126,28.353142
浙江省,温州市,龙湾区,状元街道,西台村,浙江省西台村,120.753735,27.957235
浙江省,温州市,鹿城区,双屿街道,前陈村,浙江省前陈村,120.593519,28.032668
浙江省,温州市,鹿城区,双屿街道,双岙村,浙江省双岙村,122.059713,29.852734
浙江省,温州市,鹿城区,双屿街道,屿头村,浙江省屿头村,121.442569,28.443233
浙江省,温州市,鹿城区,藤桥镇,潮济村,浙江省潮济村,NA,NA
浙江省,温州市,鹿城区,藤桥镇,樟村,浙江省樟村,121.29937,29.816552
浙江省,温州市,瓯海区,郭溪街道,曹埭村,浙江省曹埭村,NA,NA
浙江省,温州市,瓯海区,郭溪街道,凰桥村,浙江省凰桥村,120.563009,27.975761
浙江省,温州市,瓯海区,郭溪街道,梅屿村,浙江省梅屿村,120.58693,27.995475
浙江省,温州市,瓯海区,郭溪街道,梅园村,浙江省梅园村,121.242527,30.13066
浙江省,温州市,瓯海区,郭溪街道,浦北村,浙江省浦北村,NA,NA
浙江省,温州市,瓯海区,郭溪街道,任桥村,浙江省任桥村,NA,NA
浙江省,温州市,瓯海区,郭溪街道,宋岙底村,浙江省宋岙底村,120.541383,28.012147
浙江省,温州市,瓯海区,郭溪街道,塘下村,浙江省塘下村,120.57076,27.990479
浙江省,温州市,瓯海区,娄桥街道,上汇村,浙江省上汇村,120.599225,27.959492
浙江省,温州市,瓯海区,潘桥街道,陈庄村,浙江省陈庄村,120.581257,27.938485
浙江省,温州市,瓯海区,潘桥街道,丁岙村,浙江省丁岙村,NA,NA
浙江省,温州市,瓯海区,潘桥街道,横塘村,浙江省横塘村,121.383972,28.446724
浙江省,温州市,瓯海区,潘桥街道,仙门村,浙江省仙门村,120.579959,27.976276
浙江省,温州市,瓯海区,仙岩街道,沈岙村,浙江省沈岙村,120.659976,27.855057
浙江省,温州市,瓯海区,仙岩街道,穗丰村,浙江省穗丰村,NA,NA
浙江省,温州市,瓯海区,泽雅镇,戈恬村,浙江省戈恬村,120.498202,28.036954
浙江省,温州市,平阳县,鳌江镇,钱仓村,浙江省钱仓村,120.509992,27.583984
浙江省,温州市,平阳县,昆阳镇,临区村,浙江省临区村,120.559074,27.690452
浙江省,温州市,平阳县,腾蛟镇,凤巢村,浙江省凤巢村,120.365642,27.678777
浙江省,温州市,平阳县,万全镇,宋埠村,浙江省宋埠村,NA,NA
浙江省,温州市,平阳县,万全镇,宋桥村,浙江省宋桥村,120.582177,27.728526
浙江省,温州市,瑞安市,东山街道,上埠村,浙江省上埠村,120.644323,27.762075
浙江省,温州市,瑞安市,东山街道,下埠村,浙江省下埠村,120.66162,27.752648
浙江省,温州市,瑞安市,飞云街道,横河村,浙江省横河村,121.259533,28.619755
浙江省,温州市,瑞安市,飞云街道,十八江村,浙江省十八江村,120.573526,27.817
浙江省,温州市,瑞安市,飞云街道,宋家埭村,浙江省宋家埭村,120.632209,27.736619
浙江省,温州市,瑞安市,飞云街道,杏里村,浙江省杏里村,120.574682,27.784918
浙江省,温州市,瑞安市,锦湖街道,白象村,浙江省白象村,120.852808,28.033313
浙江省,温州市,瑞安市,马屿镇,曹村,浙江省曹村,120.460817,27.708347
浙江省,温州市,瑞安市,马屿镇,九甲村,浙江省九甲村,120.446908,27.776731
浙江省,温州市,瑞安市,南滨街道,大池头村,浙江省大池头村,120.624738,27.722242
浙江省,温州市,瑞安市,塘下镇,鲍三村,浙江省鲍三村,120.721398,27.821293
浙江省,温州市,瑞安市,塘下镇,鲍四村,浙江省鲍四村,120.72312,27.820136
浙江省,温州市,瑞安市,塘下镇,鲍一村,浙江省鲍一村,120.718599,27.822339
浙江省,温州市,瑞安市,塘下镇,官渎村,浙江省官渎村,120.704395,27.823368
浙江省,温州市,瑞安市,塘下镇,韩田村,浙江省韩田村,120.706282,27.840154
浙江省,温州市,瑞安市,塘下镇,花园村,浙江省花园村,120.214161,29.12267
浙江省,温州市,瑞安市,塘下镇,上金村,浙江省上金村,120.68648,27.817683
浙江省,温州市,瑞安市,塘下镇,塘西村,浙江省塘西村,120.191685,30.241936
浙江省,温州市,瑞安市,塘下镇,塘下村,浙江省塘下村,120.57076,27.990479
浙江省,温州市,瑞安市,塘下镇,赵宅村,浙江省赵宅村,120.698752,27.831719
浙江省,温州市,瑞安市,陶山镇,桐浦村,浙江省桐浦村,120.560856,27.849867
浙江省,温州市,瑞安市,仙降街道,金光村,浙江省金光村,120.55369,27.791591
浙江省,温州市,瑞安市,仙降街道,金山村,浙江省金山村,120.486011,27.791348
浙江省,温州市,瑞安市,仙降街道,林光村,浙江省林光村,120.553262,27.7859
浙江省,温州市,瑞安市,仙降街道,四甲村,浙江省四甲村,121.48088,28.617879
浙江省,温州市,瑞安市,仙降街道,塘里村,浙江省塘里村,119.857214,29.189231
浙江省,温州市,瑞安市,仙降街道,翁垟村,浙江省翁垟村,120.561254,27.787757
浙江省,温州市,瑞安市,仙降街道,垟坑村,浙江省垟坑村,120.281711,28.007901
浙江省,温州市,瑞安市,仙降街道,垟头村,浙江省垟头村,120.513703,27.775985
浙江省,温州市,瑞安市,仙降街道,涨岙村,浙江省涨岙村,120.548014,27.771778
浙江省,温州市,永嘉县,黄田街道,千石村,浙江省千石村,120.686036,28.063953
浙江省,温州市,永嘉县,江北街道,珠岙村,浙江省珠岙村,120.648112,28.060084
浙江省,温州市,永嘉县,桥头镇,桥头村,浙江省桥头村,120.41783,27.5324
浙江省,温州市,永嘉县,桥下镇,埠头村,浙江省埠头村,119.604357,28.914285
浙江省,温州市,永嘉县,桥下镇,方岙村,浙江省方岙村,120.567081,28.149468
浙江省,温州市,永嘉县,桥下镇,六岙村,浙江省六岙村,120.604131,28.095169
浙江省,温州市,永嘉县,桥下镇,梅岙村,浙江省梅岙村,120.58211,28.110538
浙江省,温州市,永嘉县,桥下镇,上村,浙江省上村,120.527403,29.279612
浙江省,温州市,永嘉县,桥下镇,西岙村,浙江省西岙村,121.81335,29.860742
浙江省,温州市,永嘉县,桥下镇,下斜村,浙江省下斜村,120.600217,27.97783
浙江省,温州市,永嘉县,桥下镇,小京岙村,浙江省小京岙村,NA,NA
贵州省,贵阳市,西峰镇,西峰镇,立碑村,贵州省立碑村,106.728735,27.040506
